124,324,50,38,56,678,1.48,25.6,64,-1
123,322,50,38,56,550,1.4,25.2,66,-2
123,322,50,38,56,71,1.38,22.9,71,-1
132,330,54,38,56,22,0.91,22.1,75,-1
130,333,55,38,57,0,0.76,19.6,96,-1
131,333,54,38,56,0,0.59,19.5,98,-1
137,344,54,38,61,15,0.66,17.7,100,-1
127,341,54,38,60,774,1.28,24.5,56,-1
126,341,53,38,59,602,1.32,25.7,49,-3
122,337,51,38,59,128,2.06,23.5,66,-2
122,337,51,38,59,42,1.67,22.8,69,-2
123,338,52,38,59,10,0.61,21.7,74,-1
123,337,53,38,57,0,0.34,20.2,83,-1
123,338,53,38,54,0,0.33,18.3,93,-1
123,339,52,38,49,0,0.35,17.3,97,-1
123,339,52,38,48,0,0.17,17,99,-1
120,339,53,38,47,12,0.74,17.4,100,-1
119,338,53,38,47,430,0.76,21.8,83,-1
119,338,53,38,47,826,1.38,24,70,-1
94,280,51,39,48,599,1.83,24.7,70,-1
93,282,51,38,47,92,1.45,22.9,72,-3
89,280,50,38,48,51,1.3,22.2,74,-1
98,287,55,38,64,10,0.97,21.6,77,-1
104,294,60,38,78,0,0.79,21,81,-1
110,299,61,38,89,0,0.84,20.7,84,-1
111,300,62,38,107,0,0.94,20.8,84,-1
116,302,60,38,122,0,0.41,19.8,88,-1
120,304,63,38,125,0,0.22,17.9,96,-1
109,223,63,38,74,295,0.96,21,93,-1
89,211,64,38,44,13,0.63,25.7,68,-4
89,211,64,38,72,0,0.11,23.6,81,-2
89,211,64,38,82,0,0.14,21.9,89,-1
88,211,64,38,88,0,0.16,21.2,92,-1
89,213,63,38,92,0,0.19,20.8,95,-1
89,212,64,38,97,0,0.31,20.1,98,-1
89,211,64,38,99,0,0.16,19.8,99,-1
89,211,64,38,101,0,0.12,19.6,100,-1
92,214,67,38,106,225,0.79,23,91,-1
65,213,94,37,43,415,1.1,34,51,-0.2
66,211,102,36,43,115,1.19,32.8,68,-0.3
65,210,95,36,43,1,0.6,28.9,87,-0.1
64,209,89,36,43,0,0.49,26.5,96,-0.1
60,208,104,36,43,717,0.77,32.5,68,-0.2
79,212,110,36,43,578,0.78,32.9,67,-0.2
81,213,101,36,43,550,0.84,33,66,-0.2
82,212,100,37,43,392,0.84,33.1,65,-0.1
82,210,108,36,43,80,0.89,32.2,65,-0.1
83,207,109,36,43,47,0.65,31,67,-0.1
83,208,109,36,43,2,0.56,30.2,70,-0.1
84,207,111,36,43,0,0.54,29.6,72,-0.1
86,209,112,36,43,0,0.64,25.6,93,-0.1
87,207,113,36,43,400,0.94,30.7,77,-0.1
85,209,109,37,43,704,0.84,33.2,65,-0.1
60,199,93,36,43,134,1.13,27,87,-0.1
57,198,88,36,43,360,1.42,28,82,-0.1
58,198,88,36,43,583,2.11,29.3,70,-0.2
57,197,81,36,43,805,2.29,30.4,64,-0.2
56,195,88,36,43,905,2.75,31,62,-0.1
54,195,81,36,43,863,2.36,31.4,63,-0.2
56,195,87,36,43,920,2.08,31.7,63,-0.1
55,195,81,37,43,776,2.25,31.8,61,-0.2
56,194,81,37,43,657,2.28,31.4,61,-0.1
43,195,84,36,43,441,0.78,25,88,-0.1
41,193,82,36,43,910,1.98,30.5,61,-0.1
43,194,85,37,43,782,2.03,31.4,60,-0.1
42,195,87,36,43,0,0.65,25.4,86,-0.1
41,194,87,36,43,0,1.03,25.6,87,-0.1
42,194,86,36,43,0,0.95,25.7,90,-0.1
39,193,88,36,43,606,0.94,28.8,76,-0.1
41,193,87,36,43,803,1.37,30.3,63,-0.1
40,193,89,37,43,447,1.65,31.1,51,-0.1
38,190,84,36,43,1,0.28,25,74,-0.1
38,189,84,36,43,0,0.26,22.9,83,-0.1
38,189,82,36,43,0,0.16,21.2,92,-0.1
38,188,79,36,43,0,0.17,20.5,95,-0.1
38,189,79,36,43,0,0.16,19.5,96,-0.1
38,189,82,36,43,0,0.16,18.9,98,-0.1
38,189,82,36,43,0,0.17,18.9,99,-0.1
38,189,81,36,43,200,0.6,21.2,97,-0.1
38,188,82,36,43,437,0.83,26.1,75,-0.1
38,189,82,36,43,599,0.94,28,71,-0.1
38,188,80,36,43,340,1.27,29.7,65,-0.1
38,187,81,37,43,550,1.38,30.5,64,-0.1
38,187,79,36,43,115,1.27,28.8,71,-0.1
38,187,82,36,43,2,0.38,26.6,83,-0.1
38,188,83,36,43,0,0.31,23.4,97,-0.1
38,187,84,36,43,0,0.37,22.4,100,-0.1
38,188,83,36,43,36,0.67,21.8,100,-0.1
37,187,83,36,43,454,1.15,27.9,77,-0.1
37,186,83,36,43,542,1.83,28.6,72,-0.1
38,187,81,36,43,72,0.61,28.7,72,-0.1
38,187,83,36,43,1,0.29,24,90,-0.1
41,191,90,36,43,194,0.42,24.4,98,-0.1
43,190,89,36,43,278,0.64,26.1,91,-0.2
43,188,84,36,43,82,0.57,26.1,92,-0.1
43,186,83,36,43,38,0.39,25.5,99,-0.1
43,185,83,36,43,0,1.21,25.1,100,-0.1
93,103,126,21,76,4,3.44,25,100,-0.6
77,88,118,30,54,32,3.17,25.2,100,-0.8
74,83,112,34,46,13,2.48,25.1,100,-0.2
70,78,106,34,45,28,3.36,25.7,100,-0.2
66,73,99,35,45,54,3.4,26,100,-0.2
61,70,96,36,45,258,2.81,26.3,100,-0.3
57,63,94,36,44,472,2.67,27.9,99,-0.2
58,64,93,36,44,587,2.26,29.4,89,-0.2
52,60,92,36,44,692,2.44,31.1,75,-0.1
55,59,89,36,44,457,2.16,31.1,72,-0.1
54,57,89,36,44,125,1.61,30.1,71,-0.1
51,57,88,36,44,14,0.93,27.4,81,-0.1
49,55,86,36,44,0,1.15,26.7,82,-0.1
47,55,85,36,44,0,0.59,25.6,87,-0.1
48,56,87,36,44,0,0.51,24.4,94,-0.1
50,55,86,36,44,0,0.52,23.7,97,-0.1
49,54,85,36,44,0,0.53,23.2,99,-0.1
43,53,84,36,44,0,0.53,22.5,99,-0.1
42,53,84,36,44,0,0.74,22.2,100,-0.1
41,54,82,36,44,0,0.94,22.1,100,-0.1
42,53,80,36,44,0,1,21.9,100,-0.1
52,203,79,36,44,70,1.15,23.4,100,-0.1
45,202,80,36,44,159,1.02,24.8,92,-0.1
43,207,83,36,44,348,1.05,27.5,69,-0.1
44,208,83,36,54,57,0.58,19.6,100,-0.1
43,207,83,36,55,138,0.75,21.2,97,-0.1
42,207,84,36,55,186,0.61,22.9,92,-0.1
51,210,86,36,56,0,0.26,18.8,99,-0.1
53,209,85,36,56,1,0.43,17.5,100,-0.1
53,209,85,36,53,603,1.05,25.1,84,-0.1
54,208,85,36,51,783,0.93,26.8,75,-0.1
53,208,85,36,47,403,0.86,27.3,70,-0.1
53,208,87,36,44,0,0.37,21.9,97,-0.1
59,62,93,36,50,113,0.73,22.3,100,-0.1
60,61,93,36,56,152,1.11,22.8,100,-0.1
58,60,91,36,51,141,0.98,23.3,100,-0.1
57,61,91,36,48,123,0.93,23.6,99,-0.1
55,60,92,36,45,42,1.02,23.7,97,-0.2
57,59,91,36,44,0,0.99,23.1,100,-0.1
54,58,91,36,44,0,1.15,23,100,-0.1
54,60,91,36,44,0,1.14,22.9,100,-0.1
52,60,90,36,44,0,1.19,22.7,99,-0.1
54,61,90,36,44,0,1.16,22.4,100,-0.1
53,61,90,36,44,0,1.12,22.2,100,-0.1
54,60,90,36,44,44,0.95,22.8,100,-0.1
53,60,90,36,44,294,0.92,24.3,100,-0.1
55,59,88,36,44,39,0.8,24.6,95,-0.1
56,60,89,36,44,0,0.86,22.8,98,-0.1
51,59,88,36,44,0,0.65,21.3,100,-0.1
53,62,88,36,44,0,1.05,21.2,100,-0.1
59,64,92,36,44,31,1.04,21.7,100,-0.1
52,61,83,36,44,111,1.39,23.3,96,-0.2
53,60,80,36,44,56,1.28,23.2,86,-0.1
51,60,82,36,44,0,0.55,19.5,100,-0.1
51,63,83,36,44,625,0.93,23.6,91,-0.1
50,62,84,36,44,928,1.01,27.6,61,-0.1
51,61,83,36,44,850,1.06,28.9,55,-0.1
51,61,89,36,44,0,0.22,19.8,89,-0.1
54,63,92,36,44,336,0.51,20.8,91,-0.1
38,64,92,36,43,726,0.95,25.7,76,-0.2
38,63,93,36,43,663,1.13,26.7,68,-0.1
37,65,92,37,43,855,1.09,28,60,-0.1
37,64,92,37,43,565,1.15,28.1,57,-0.1
37,63,93,37,43,389,0.87,27.6,64,-0.1
37,63,91,36,43,125,0.5,27.2,71,-0.1
38,64,93,36,43,27,0.4,25.1,80,-0.1
38,67,92,36,43,0,0.16,20.9,94,-0.1
38,62,94,36,43,0,0.16,20,97,-0.1
38,65,94,36,43,0,0.16,19.7,100,-0.1
38,65,92,36,43,0,0.22,19.2,99,-0.1
38,66,93,36,43,0,0.2,18.8,100,-0.1
38,64,92,36,43,21,0.28,18.4,100,-0.1
39,70,114,36,45,107,1.05,20.4,100,-0.2
39,72,113,36,44,122,1.07,20.7,100,-0.1
39,71,111,36,44,74,0.95,21,100,-0.1
39,71,113,36,44,19,0.96,21,100,-0.1
38,70,114,36,44,0,1.17,20.2,100,-0.1
39,73,113,36,44,0,1.15,20.3,100,-0.1
38,75,111,36,44,0,1.21,20.4,100,-0.1
81,96,89,-6,113,6,1.41,20.2,100,-0.1
79,75,111,3,96,24,1.37,20.4,100,-0.7
64,69,96,14,71,165,1.4,21,100,-0.8
44,54,81,27,48,195,1.29,21.6,100,-0.7
39,49,65,32,43,251,1.14,22,100,-0.4
39,48,59,34,43,241,1.46,23.4,100,-0.4
39,47,52,35,43,142,1.67,23.8,100,-0.3
39,46,50,35,43,102,1.53,23.8,100,-0.2
39,46,49,35,43,31,1.65,23.3,100,-0.2
39,46,48,35,43,8,1.71,23.1,100,-0.2
39,45,46,35,43,0,1.71,22.7,100,-0.2
39,45,46,36,43,0,1.73,22.5,100,-0.1
39,45,46,36,43,0,1.74,22.5,100,-0.1
39,45,45,36,43,0,1.84,22.4,100,-0.1
39,45,46,36,43,0,2.21,22.2,100,-0.1
39,45,45,36,43,0,2.02,22.1,99,-0.1
39,45,49,36,43,0,1.92,21.9,100,-0.2
39,45,47,36,43,0,2.05,22,100,-0.1
39,45,46,36,43,0,1.95,22,100,-0.2
39,45,45,36,43,8,2.05,22,100,-0.1
39,45,45,36,43,21,2.07,22.3,100,-0.1
39,45,44,36,43,56,2.2,22.6,100,-0.1
39,45,44,36,43,63,2.4,23.2,100,-0.1
39,45,44,36,43,113,2.7,23.7,100,-0.2
39,44,43,36,43,119,2.47,24.5,100,-0.2
39,44,43,36,43,68,1.67,24.6,100,-0.1
39,44,43,36,43,13,1.51,24.6,100,-0.1
58,67,109,15,53,0,1.24,23.8,100,-0.8
38,51,76,29,44,0,1.15,23.7,100,-0.6
38,46,58,33,44,0,1.21,23.4,100,-0.4
38,45,50,34,44,0,1.18,23,100,-0.3
38,45,48,34,44,0,1.2,22.9,100,-0.3
38,45,46,35,44,0,1.22,22.8,99,-0.2
38,45,45,35,44,0,1.25,22.8,100,-0.2
38,45,44,35,44,0,1.31,22.8,100,-0.2
38,45,44,35,44,0,1.22,22.8,100,-0.1
37,44,44,35,44,0,1.35,22.8,100,-0.1
37,44,43,35,44,13,1.29,22.9,100,-0.2
37,44,43,35,44,51,1.3,23.4,100,-0.1
37,44,42,35,44,83,1.24,24,100,-0.1
37,44,42,35,44,196,1.21,24.7,100,-0.1
37,44,41,35,44,474,1.07,25.9,100,-0.1
37,44,41,35,44,615,1.3,27.4,95,-0.2
37,44,41,35,44,484,1.56,28.1,91,-0.1
37,44,41,35,44,366,1.58,28.5,87,-0.1
37,44,41,36,44,440,1.61,28.4,87,-0.1
37,43,40,36,43,390,1.48,28.5,84,-0.1
37,44,40,36,43,75,1.03,27.2,87,-0.1
37,44,40,36,43,15,0.83,25.8,94,-0.1
37,44,40,36,43,0,0.75,24.6,99,-0.1
37,44,40,36,43,0,0.91,23.5,100,-0.1
37,44,40,36,43,0,0.97,23.1,100,-0.1
37,44,40,36,43,0,1,22.8,100,-0.1
37,44,40,36,43,0,1.02,22.7,100,-0.1
37,44,40,36,43,0,1.12,22.1,100,-0.1
37,44,40,36,43,0,1.09,22,100,-0.1
37,44,40,36,43,0,1.09,21.7,100,-0.1
37,44,40,36,43,0,1.15,21.9,100,-0.1
37,43,40,36,43,130,1.47,23.9,100,-0.1
37,43,40,36,43,116,1.19,25.1,100,-0.1
37,43,40,36,43,188,0.94,26.5,96,-0.1
37,43,40,36,43,341,1,27.1,95,-0.1
37,43,40,36,43,281,0.85,28.8,87,-0.1
37,43,40,36,43,282,0.75,28.9,87,-0.1
37,43,40,36,43,214,1,28.9,86,-0.1
37,43,40,36,43,98,1.6,28.3,81,-0.1
37,43,40,36,43,5,0.69,27,85,-0.1
37,43,40,36,43,0,0.47,26.1,91,-0.1
37,43,40,36,43,0,1,25,99,-0.2
37,44,43,36,43,94,1.93,25.7,99,-0.1
37,44,42,36,43,76,2.74,26,89,-0.1
37,44,42,36,43,153,2.8,26.2,88,-0.2
37,44,41,36,43,37,2.2,25.8,88,-0.2
37,44,41,36,43,0,2.05,25.2,90,-0.1
37,44,40,36,43,0,1.32,23.7,96,-0.1
37,44,40,36,43,0,0.75,23,99,-0.1
37,44,40,36,43,0,0.6,22.5,99,-0.1
37,44,40,36,43,0,0.82,21.8,100,-0.1
37,44,40,36,43,0,0.76,21.1,100,-0.1
37,44,40,36,43,0,0.96,21.3,100,-0.1
37,44,40,36,43,65,1.09,22,100,-0.1
37,43,40,36,43,326,0.98,24.5,99,-0.1
37,43,40,36,43,535,0.87,27.5,84,-0.2
37,43,40,36,43,397,0.97,28.4,77,-0.2
37,43,40,36,43,114,0.88,27.4,85,-0.1
37,43,40,36,43,0,0.46,24.4,99,-0.1
37,43,40,36,43,0,0.5,23.8,100,-0.1
37,43,40,36,43,0,0.99,23.6,100,-0.1
37,43,40,36,43,0,1.13,23.1,100,-0.1
37,43,40,36,43,72,1.36,23.4,100,-0.1
37,43,40,36,43,275,0.92,27.3,90,-0.1
37,43,40,37,43,419,0.89,29.4,83,-0.2
37,43,40,37,43,113,0.64,28.5,86,-0.1
37,43,40,37,43,0,0.54,25.4,100,-0.1
37,43,40,36,43,0,0.49,24.3,100,-0.1
37,43,40,36,43,0,0.92,23.7,100,-0.1
37,43,40,37,43,324,1.21,26.4,98,-0.1
37,43,40,37,43,640,1.39,28.4,82,-0.1
37,43,40,37,43,412,1.11,28.4,77,-0.1
37,43,40,37,43,383,0.92,28.3,77,-0.1
37,43,40,37,43,525,1.1,28.9,74,-0.1
37,43,40,37,43,471,1.25,29.3,70,-0.1
37,43,42,37,43,12,0.77,26.3,86,-0.1
37,43,42,37,43,0,0.41,23.5,99,-0.1
37,43,42,37,43,0,0.48,22.9,99,-0.1
37,43,43,37,43,0,1.02,22.4,100,-0.1
37,43,43,37,43,455,1.19,25.6,98,-0.1
37,43,43,37,43,360,0.78,27.8,85,-0.1
37,43,43,37,43,309,1.13,28.6,81,-0.2
37,43,43,37,43,198,0.8,28.4,83,-0.1
37,43,43,37,43,501,1.23,29.1,82,-0.2
37,44,43,37,43,100,0.57,20.6,95,-0.1
37,44,43,37,43,106,0.57,20.1,93,-0.1
37,44,43,37,43,0,0.31,19.2,93,-0.1
37,44,43,37,43,393,0.56,22.3,86,-0.1
37,43,42,37,43,778,1.25,25.1,70,-0.1
37,43,42,37,43,847,1.37,25.8,69,-0.1
37,43,42,37,43,667,0.62,26.2,67,-0.1
37,43,42,37,43,342,0.65,27.5,61,-0.1
37,43,42,37,43,58,0.32,25.9,67,-0.1
37,44,42,37,43,11,0.28,23.3,82,-0.1
37,44,42,37,43,0,0.18,18.6,98,-0.1
37,44,42,37,43,0,0.13,17.5,100,-0.1
37,44,42,37,43,0,0.18,16.5,99,-0.1
37,44,42,37,43,0,0.16,15.8,100,-0.1
37,44,42,37,43,0,0.16,15.4,100,-0.1
37,43,42,37,43,578,0.57,23.6,83,-0.2
37,43,42,37,43,717,0.83,25.5,70,-0.2
37,43,42,37,43,800,1.3,26.4,66,-0.1
37,43,42,37,43,826,1.2,27.3,66,-0.4
37,43,42,37,43,812,1.39,28.4,65,-0.1
37,43,42,37,43,679,1.49,29.1,64,-0.3
37,43,42,37,43,470,1.25,29.3,63,-0.3
37,43,42,37,43,203,0.76,27.8,68,-0.1
37,43,42,37,43,51,0.51,25.9,74,-0.1
37,44,42,37,43,7,0.44,24.5,76,-0.1
37,44,42,37,43,0,0.33,22.7,86,-0.1
37,44,42,37,43,0,0.25,21.9,93,-0.1
37,44,42,37,43,0,0.25,21.8,95,-0.1
37,44,42,37,43,0,0.27,21.6,97,-0.1
37,44,42,37,43,0,0.24,21.2,98,-0.1
37,44,42,37,43,0,0.26,20.6,100,-0.1
37,44,42,37,43,0,0.28,20.1,100,-0.1
37,44,42,37,43,0,0.36,20.1,100,-0.1
37,44,42,37,43,0,0.36,20.2,100,-0.1
37,44,42,37,43,13,0.51,20.8,100,-0.1
37,44,42,37,43,113,0.73,21.8,100,-0.1
37,43,42,37,43,331,1.11,25,93,-0.1
37,43,42,37,43,430,0.76,26.9,82,-0.2
37,43,42,37,43,320,0.8,26.4,80,-0.2
37,43,42,37,43,517,0.92,27.1,79,-0.4
37,43,42,37,43,522,1.1,27.6,77,-0.4
37,43,42,37,43,734,1.28,28.8,71,-0.5
37,43,42,37,43,204,1.04,28.1,73,-0.6
37,43,42,37,43,85,1.07,27.4,75,-0.4
37,43,42,37,43,5,0.36,25.8,82,-0.2
37,44,42,37,43,0,0.41,24.4,88,-0.3
37,44,42,37,43,0,0.69,24,89,-0.1
37,44,42,37,43,0,0.38,23.7,91,-0.1
37,44,41,37,43,0,0.38,23.5,92,-0.1
37,44,42,37,43,0,0.35,23.1,95,-0.1
37,44,42,37,43,0,0.35,22.1,100,-0.1
37,44,42,37,43,0,0.26,21.6,100,-0.1
37,44,42,37,43,0,0.25,20.4,97,-0.1
37,44,42,37,43,125,0.33,19.9,100,-0.1
37,43,41,37,43,459,0.65,23.9,79,-0.1
90,45,48,36,43,0,0.3,15.5,100,-0.1
93,44,51,36,43,0,0.27,15,100,-0.1
92,44,47,37,43,578,0.48,23.5,67,-0.1
92,44,47,37,43,720,0.55,25.2,62,-0.1
93,44,45,37,43,833,0.68,26.5,57,-0.1
93,44,45,37,43,687,0.82,27.4,56,-0.1
92,44,48,37,43,6,0.23,22.2,76,-0.1
75,44,43,37,43,0,0.53,19.4,87,-0.2
75,44,42,36,43,0,0.21,18.1,91,-0.1
75,44,42,36,43,0,0.22,17.1,95,-0.1
74,44,42,36,43,0,0.33,16.3,96,-0.1
73,44,42,36,43,0,0.27,15.8,98,-0.1
71,44,42,36,43,0,0.29,15.3,99,-0.1
70,44,41,36,43,0,0.28,14.9,99,-0.1
69,44,41,36,43,0,0.25,14.6,100,-0.1
68,44,41,36,43,0,0.22,15.2,100,-0.1
69,44,41,36,43,76,0.27,16,100,-0.1
68,43,40,37,43,658,0.94,23.8,73,-0.1
51,43,40,37,43,836,0.66,28.7,50,-0.1
56,43,40,37,43,559,103,23.8,62,-0.1
56,43,39,37,43,698,106,25.1,56,-0.2
52,43,39,37,43,0,351,17.7,77,-0.1
51,43,39,36,43,0,19,15.6,93,-0.1
50,43,39,36,43,0,42,14,99,-0.1
48,43,39,36,44,0,16,12.7,100,-0.1
48,43,39,37,43,521,113,19.7,100,-0.1
47,43,39,37,43,779,107,23,91,-0.1
38,43,39,37,43,606,76,24.1,59,-0.3
38,43,39,37,43,430,106,24.1,62,-0.2
38,43,39,37,43,311,98,24.1,63,-0.1
38,43,40,37,43,44,79,22.5,63,-0.1
38,43,40,37,43,4,65,21.6,64,-0.1
38,43,40,37,43,0,48,20.8,65,-0.1
38,43,40,37,43,0,288,18.8,72,-0.1
38,43,40,37,43,0,296,18.5,77,-0.1
37,43,40,37,43,0,65,19.2,78,-0.1
37,43,40,37,43,0,306,18.1,76,-0.1
37,44,41,37,43,92,56,18.2,100,-0.1
54,65,57,36,44,0,259,16.5,100,-0.2
46,59,52,36,44,0,264,16.6,100,-0.1
42,57,47,36,44,0,260,16.7,100,-0.3
40,51,44,36,44,0,262,16.6,100,-0.2
58,67,51,34,44,25,276,16.7,100,-0.2
51,63,49,34,44,62,280,16.9,100,-0.1
53,64,48,34,44,92,293,17.2,100,-0.1
41,60,45,35,44,68,299,17.4,100,-0.1
40,58,45,35,44,50,305,17.5,100,-0.1
49,64,48,35,44,12,308,17,100,-0.1
52,64,47,34,45,0,309,16.4,100,-0.2
41,52,44,35,44,0,316,17.3,100,-0.4
41,47,42,35,44,0,314,18.5,99,-0.3
41,46,41,35,44,0,337,19.5,94,-0.3
41,45,41,35,44,0,293,19.8,84,-0.3
41,45,41,35,44,0,264,19.7,80,-0.1
41,45,41,35,44,0,260,19.6,79,-0.2
41,45,41,36,44,0,251,18.9,77,-0.1
41,45,41,36,44,0,253,17.3,80,-0.2
41,45,41,36,44,0,245,16.6,98,-0.1
41,45,40,36,44,10,224,16.5,99,-0.1
40,45,40,36,44,69,212,17.2,100,-0.1
40,45,40,36,44,142,201,18.3,100,-0.1
40,45,40,36,44,133,178,19,99,-0.1
40,45,40,36,44,201,218,19,94,-0.1
40,45,40,36,44,101,245,18.6,96,-0.1
40,45,40,36,44,87,158,18.5,98,-0.1
40,45,40,36,44,25,216,18.7,96,-0.1
40,45,40,36,44,3,221,18.5,96,-0.1
40,45,40,36,44,0,240,18,100,-0.1
40,45,40,36,44,0,251,17.1,100,-0.1
40,45,40,36,44,0,247,16.9,100,-0.1
40,45,40,36,44,0,242,16.7,100,-0.1
40,45,40,36,44,0,247,16.1,100,-0.1
40,45,40,36,44,0,249,15.7,100,-0.1
40,45,40,36,44,8,256,15.1,100,-0.1
40,45,40,36,44,336,217,16.3,100,-0.1
40,45,40,36,44,586,197,18.7,100,-0.1
40,45,40,36,44,699,165,20.7,94,-0.1
40,44,40,36,44,828,112,23.4,70,-0.1
40,44,40,36,44,786,117,24.3,62,-0.1
40,44,40,36,44,389,114,24.4,53,-0.1
40,44,40,36,44,244,171,24.1,51,-0.1
40,44,40,36,44,76,268,21.5,56,-0.1
40,45,40,36,44,0,2,16.1,83,-0.1
40,45,40,36,44,0,351,15,91,-0.1
40,44,40,36,44,0,4,14.1,95,-0.1
40,44,40,36,44,0,353,12.8,99,-0.1
40,44,40,36,44,0,18,12.4,100,-0.1
40,44,40,36,44,0,24,11.6,99,-0.1
40,44,40,36,44,0,27,11.1,100,-0.1
40,44,40,36,44,0,12,10.9,100,-0.1
40,44,40,36,44,30,77,10.8,100,-0.1
40,44,39,36,44,472,144,19,100,-0.1
40,44,39,36,44,634,119,21.4,91,-0.1
40,44,39,36,44,700,109,22.6,76,-0.1
40,44,39,36,44,373,110,23.5,61,-0.1
40,44,39,36,44,300,126,23.3,59,-0.1
40,44,39,36,44,165,121,22.9,59,-0.1
40,44,40,36,44,3,356,19,80,-0.1
40,44,40,36,44,0,39,16.7,93,-0.1
40,44,40,36,44,0,40,15.8,97,-0.1
40,44,40,36,44,0,55,15.1,99,-0.1
40,44,40,36,44,0,45,14.4,100,-0.1
40,44,40,36,44,0,78,14.6,100,-0.1
40,44,40,36,44,20,222,14.3,100,-0.1
40,43,39,36,44,529,185,22.9,97,-0.1
40,43,39,36,44,363,116,24.7,82,-0.1
40,43,39,36,44,351,109,26.1,69,-0.1
40,43,39,37,43,416,124,27,96,-0.1
40,43,39,37,43,16,168,23.9,68,-0.1
40,44,39,36,44,0,149,19.4,94,-0.1
40,44,39,36,44,0,144,17.6,100,-0.1
40,44,39,36,44,0,207,17.9,100,-0.1
40,43,39,36,44,108,212,23.1,92,-0.1
40,43,39,37,44,254,127,25.1,72,-0.1
40,43,39,37,44,36,116,24.2,82,-0.2
40,43,39,36,44,0,216,22,100,-0.1
40,43,39,36,44,2,225,21.4,100,-0.1
40,43,39,37,44,98,195,24.8,100,-0.1
40,43,39,37,43,315,127,28.8,71,-0.1
40,43,39,37,43,226,241,27.6,76,-0.1
40,43,39,36,43,0,155,23,91,-0.1
40,43,39,36,44,0,160,21.8,95,-0.1
40,43,39,36,44,0,197,21,100,-0.1
40,43,39,36,44,0,198,20.7,100,-0.1
40,43,39,36,44,2,224,20.2,100,-0.1
40,43,39,37,44,78,184,23.7,98,-0.1
40,43,39,37,44,108,203,25.9,81,-0.1
40,43,39,37,44,229,190,25.7,88,-0.2
40,43,39,37,43,269,164,26.9,90,-0.1
40,43,39,37,43,70,231,26.2,78,-0.1
40,43,39,37,44,0,128,23.1,98,-0.1
40,43,39,37,44,0,202,22.3,99,-0.1
40,43,39,36,44,0,191,22.1,100,-0.1
40,43,39,36,44,0,229,21.7,100,-0.1
40,43,39,36,44,3,212,21.1,100,-0.1
40,42,39,36,44,0,223,20.7,100,-0.1
40,42,39,36,44,0,236,20.1,100,-0.1
40,42,39,36,44,0,241,19.9,100,-0.1
40,42,39,36,44,0,236,19.8,100,-0.1
40,42,39,36,44,0,231,19.8,100,-0.1
59,67,51,29,54,4,240,21,100,-0.2
117,106,64,1,103,0,234,21.4,100,-0.3
86,75,52,8,91,0,212,21.9,100,-0.6
42,56,45,25,54,0,141,22.8,100,-0.3
40,54,45,26,48,0,232,22.6,100,-0.3
40,44,44,34,44,0,148,23,100,-0.1
40,44,44,34,44,0,243,22.9,100,-0.1
40,43,44,35,44,0,251,23.3,100,-0.3
40,43,43,35,44,0,240,23.6,100,-0.1
40,43,43,35,44,0,234,23.3,100,-0.1
40,43,43,35,44,0,220,22.8,100,-0.2
40,43,43,35,44,0,224,22.5,100,-0.1
40,42,43,35,44,13,249,22.5,100,-0.2
39,42,42,35,44,158,243,22.8,98,-0.2
39,42,42,35,44,199,243,23.6,93,-0.2
39,42,42,36,44,635,226,26.8,83,-0.1
39,42,42,36,44,684,242,27.4,75,-0.2
39,42,42,36,43,773,247,28,69,-0.1
39,42,42,36,43,160,225,26.4,67,-0.1
39,42,42,36,43,31,190,24.1,69,-0.1
39,42,42,36,43,0,123,20.4,89,-0.1
39,42,42,36,43,0,146,18.9,99,-0.1
39,42,42,36,43,0,160,18.4,100,-0.1
39,42,42,36,44,0,203,17.6,100,-0.1
39,42,42,36,44,0,163,17.2,100,-0.1
40,42,42,36,44,0,191,16.5,100,-0.1
40,42,42,36,44,0,190,15.9,100,-0.1
39,42,42,36,44,149,198,16.9,100,-0.1
39,41,42,36,44,636,144,25.6,92,-0.1
39,41,41,36,43,690,125,27.1,64,-0.2
39,41,41,36,43,216,238,25.3,72,-0.1
39,42,42,36,44,0,122,19.6,87,-0.1
39,42,42,36,44,0,116,19.7,97,-0.1
39,42,42,36,44,0,139,20.1,100,-0.1
39,42,42,36,44,0,190,19.4,100,-0.1
39,42,42,36,44,0,200,18.9,100,-0.1
39,42,42,36,44,119,215,18.8,100,-0.1
39,41,42,36,44,339,183,23.7,88,-0.2
39,41,41,36,44,295,127,25.1,72,-0.1
39,42,42,36,44,43,142,23.5,72,-0.1
39,42,42,36,44,0,206,19.6,91,-0.1
39,42,42,36,44,0,185,19.3,93,-0.1
39,42,42,36,44,0,133,19.2,95,-0.1
39,42,42,36,44,0,142,19.3,91,-0.1
39,42,42,36,44,0,80,18.8,89,-0.1
39,42,42,36,44,0,32,18.3,85,-0.1
39,42,42,36,44,0,46,17.6,84,-0.1
39,42,42,36,44,7,31,17.1,83,-0.1
39,42,42,36,44,230,80,18.6,84,-0.1
39,41,41,36,44,474,87,19.9,77,-0.1
39,41,41,36,44,553,100,21,70,-0.1
39,41,41,36,44,388,91,21.7,63,-0.1
39,42,42,36,44,39,332,19.3,67,-0.1
39,42,42,36,44,1,319,17.1,77,-0.1
39,42,42,36,44,0,30,15.6,87,-0.1
39,42,42,36,44,0,352,14.5,93,-0.1
39,42,42,36,44,0,51,13.9,99,-0.1
39,42,42,36,44,0,7,14.4,100,-0.1
39,42,42,36,44,0,329,14.6,98,-0.1
39,42,42,36,44,12,301,14.6,100,-0.1
39,42,42,36,44,0,216,16.3,100,-0.1
39,42,42,36,44,0,258,15.6,100,-0.1
39,42,42,36,44,0,187,15.4,100,-0.1
39,42,42,36,44,0,233,14.9,100,-0.1
39,42,42,36,44,0,212,15.1,100,-0.1
39,42,42,36,44,0,226,15,100,-0.1
39,42,42,36,44,45,241,14.8,100,-0.1
39,41,41,36,44,558,161,18.9,100,-0.1
39,41,41,36,44,610,199,23.7,61,-0.1
39,42,41,36,44,52,283,19.5,54,-0.1
39,42,42,36,44,1,19,15.6,71,-0.1
39,42,42,36,44,0,329,13.4,86,-0.1
39,42,42,36,44,0,352,10.6,90,-0.1
39,42,42,36,44,0,350,9.5,94,-0.1
39,42,42,35,44,0,326,7.9,98,-0.1
39,41,41,36,44,523,237,14.4,95,-0.1
39,41,41,36,44,770,103,20.8,47,-0.1
39,41,41,36,44,573,126,21.7,35,-0.1
39,42,42,36,44,54,318,17.9,40,-0.1
39,42,42,36,44,0,351,13.3,61,-0.1
39,42,42,36,44,0,23,11,79,-0.1
39,42,42,36,44,0,6,10.1,88,-0.1
39,42,42,36,44,0,20,8.6,96,-0.1
39,42,42,36,44,0,2,7.5,99,-0.1
39,42,42,35,44,0,3,7,100,-0.1
39,42,42,35,44,0,17,6.4,100,-0.1
39,42,42,35,44,0,27,6.4,100,-0.1
39,41,41,36,44,705,110,20.9,64,-0.2
39,41,41,36,44,727,168,22.3,55,-0.1
39,41,41,36,44,680,138,23,48,-0.2
39,41,41,36,44,405,114,23.5,44,-0.1
39,42,42,36,44,0,10,14.7,82,-0.3
39,42,42,36,44,0,16,13.7,90,-0.1
39,42,42,36,44,0,0,13.2,84,-0.1
39,42,42,36,44,0,46,13.1,96,-0.1
39,42,42,36,44,0,2,14.3,99,-0.1
39,42,42,36,44,0,18,12.2,100,-0.1
39,42,42,36,44,0,3,11.7,100,-0.1
39,42,42,36,44,0,356,11.4,100,-0.1
39,42,42,36,44,5,18,11.2,100,-0.1
39,42,42,36,44,125,219,12.4,100,-0.1
39,41,41,36,44,479,142,19.4,95,-0.1
39,41,41,36,44,616,135,22.1,76,-0.1
39,41,41,36,44,698,110,23.9,61,-0.1
39,41,41,36,44,719,108,24.9,49,-0.3
39,41,41,36,44,674,118,25.9,40,-0.2
39,41,41,36,43,572,113,26.2,36,-0.4
39,41,41,37,43,414,117,26.1,33,-0.2
39,41,41,36,43,225,124,25.7,34,-0.2
39,41,41,36,43,63,189,23.4,38,-0.2
39,42,42,36,44,0,317,15.3,86,-0.7
39,42,42,36,44,0,292,16,87,-0.2
39,42,42,36,44,0,308,16.8,83,-0.2
39,42,42,36,44,0,30,17.6,78,-0.1
39,42,42,36,44,0,61,17.4,74,-0.2
39,42,42,36,44,0,38,16.8,74,-0.2
39,42,42,36,44,0,315,16.7,75,-0.1
39,42,42,36,44,0,307,16.9,76,-0.2
39,42,42,36,44,0,34,16.8,76,-0.1
39,42,42,36,44,0,286,16.7,76,-0.2
39,42,42,36,44,5,15,16.4,77,-0.2
39,41,41,36,44,288,44,20.1,76,-0.2
39,41,41,36,44,435,75,21.7,68,-0.2
39,41,41,36,44,568,97,22.8,61,-0.1
39,41,41,36,44,663,73,23.5,55,-0.3
39,41,41,36,44,704,102,24.4,51,-0.4
39,41,41,36,44,665,97,24.9,47,-0.1
39,41,41,36,43,557,88,24.9,44,-0.5
39,41,41,37,44,395,95,24.6,43,-2.8
39,41,41,36,43,208,69,23.9,44,-3
39,41,41,36,44,44,76,22.3,43,-2
39,41,41,36,44,0,2,20.1,46,-1.3
39,42,42,36,44,0,351,17.5,51,-1.2
39,42,42,36,44,0,30,16.1,63,-0.9
39,42,42,36,44,0,12,17.1,70,-0.8
39,42,42,36,44,0,343,16.6,62,-0.7
39,42,42,36,44,0,46,16.1,62,-0.8
39,42,42,36,44,0,28,15.7,63,-0.8
39,42,42,36,44,0,26,14.8,63,-0.9
39,42,42,36,44,0,20,13.8,66,-0.6
39,42,42,36,44,0,357,13.9,70,-0.6
39,42,42,36,44,0,319,14.2,69,-0.7
39,42,42,36,44,0,345,13.6,68,-0.6
39,42,42,36,44,6,356,13.1,70,-0.5
39,41,42,36,44,123,11,14.7,72,-0.3
39,41,41,36,44,306,43,17.6,71,-0.8
39,41,41,36,44,471,20,19.3,64,-1.1
39,41,41,36,44,620,87,20.4,58,-0.9
39,41,41,36,44,698,87,21.3,54,-0.7
39,41,41,36,44,708,95,22.1,52,-1.8
39,41,41,36,44,657,99,22.7,50,-1
39,41,41,36,44,531,93,22.7,50,-1.2
39,41,41,36,44,360,76,22.7,50,-1.2
39,41,41,36,44,196,87,22.2,51,-0.7
39,41,41,36,44,41,50,20.3,51,-1.2
39,42,42,36,44,0,5,16.3,55,-1.2
39,42,42,36,44,0,1,13.6,72,-0.9
39,42,42,36,44,0,5,12.4,85,-1
39,42,42,36,44,0,26,11.8,91,-0.7
39,42,42,36,44,0,9,11.1,94,-0.7
39,42,42,36,44,0,13,10.5,96,-1
39,41,41,36,44,464,175,15.9,99,-4.2
39,41,41,36,44,603,154,18.6,90,-0.7
39,41,41,36,44,702,159,21.9,60,-1.8
39,41,41,36,44,653,172,23.2,55,-1.5
39,41,41,36,44,468,131,23.6,52,-1
39,41,41,36,44,181,163,22.9,52,-1.3
39,41,41,36,44,67,177,21,55,-1
39,41,41,36,44,41,54,19.1,67,-0.4
39,42,42,36,44,0,15,16.1,77,-1.2
39,42,42,36,44,0,358,14.3,87,-1
39,42,42,36,44,0,16,13.4,92,-0.7
39,42,42,36,44,0,6,13.2,95,-0.8
39,42,42,36,44,0,353,12.8,97,-0.8
39,42,42,36,44,0,356,13.2,98,-0.3
39,42,42,36,44,0,304,13.8,98,-0.5
39,42,42,36,44,0,333,13.2,97,-0.5
39,42,42,36,44,0,343,12,96,-0.9
39,42,42,36,44,0,326,11.9,98,-0.4
39,42,42,36,44,0,313,12.3,96,-0.7
39,42,42,36,44,0,322,13.2,93,-0.2
39,42,41,36,44,44,60,15.5,100,-0.3
39,42,41,36,44,30,31,15.6,99,-2.1
39,42,41,36,44,18,5,15.8,96,-1
39,42,41,36,44,4,358,15.9,94,-2.3
39,42,41,36,44,0,2,16.1,92,-1.5
39,42,41,36,44,0,39,16.3,91,-1.2
39,42,41,36,44,0,57,16.4,90,-1.1
39,42,41,36,44,0,328,16.4,88,-0.8
39,42,41,36,44,0,71,16.2,87,-0.7
39,42,41,36,44,0,321,15.8,87,-0.6
39,42,41,36,44,0,307,14.9,88,-0.4
39,42,41,36,44,0,292,14.9,93,-0.2
39,42,41,36,44,0,280,15.2,95,-0.3
39,42,41,36,44,0,294,15.2,96,-0.6
39,42,41,36,44,0,288,14.9,95,-0.2
39,42,41,36,44,0,304,14.6,97,-0.3
39,42,41,36,44,2,289,14.5,99,-0.5
39,42,41,36,44,69,277,14.3,100,-0.5
39,41,40,36,44,448,119,19.1,97,-0.7
39,41,40,36,44,584,120,20.6,86,-0.9
39,41,40,36,44,683,133,22.1,77,-0.9
39,41,40,36,44,709,135,23.2,70,-0.7
39,41,40,36,44,616,119,23.7,65,-1.9
39,41,40,36,44,461,112,23.3,62,-1.3
39,42,41,36,44,0,20,11,98,-0.1
39,42,41,36,44,0,1,8.9,100,-0.1
39,42,40,36,44,0,23,13.7,84,-0.1
39,41,39,36,44,89,238,22.3,62,-0.1
38,41,39,36,44,659,104,19.2,55,-0.1
39,41,40,36,44,0,14,6,94,-0.1
39,41,40,35,44,0,1,4,99,-0.1
39,41,40,35,44,0,12,2.2,100,-0.1
38,41,40,36,44,0,355,7,99,-0.1
38,41,40,36,44,0,12,6,100,-0.1
38,41,40,36,44,2,19,5.4,100,-0.1
38,41,40,36,44,0,22,8.7,65,-0.1
38,41,40,36,44,0,353,5,84,-0.1
38,41,40,35,44,0,9,3.7,99,-0.1
38,41,40,36,44,0,357,6.6,94,-0.1
38,41,40,35,44,0,22,4,99,-0.1
38,40,39,36,44,406,190,9.5,100,-0.1
38,41,40,36,44,0,1,6.6,99,-0.1
38,41,40,36,44,0,5,5.7,100,-0.1
38,41,40,36,44,0,3,8.4,99,-0.1
37,41,39,36,44,191,222,8.5,100,-0.1
37,41,39,36,44,0,19,11.3,95,-0.1
38,41,40,36,44,0,5,9.1,99,-0.1
38,41,40,36,44,0,353,8.9,100,-0.1
37,41,40,36,44,30,0,9,100,-0.1
37,40,39,36,44,207,216,11.7,100,-0.1
37,41,40,36,44,0,28,10.7,94,-0.1
37,41,40,36,44,0,19,8.6,100,-0.1
37,40,39,36,44,0,23,13.8,84,-0.1
37,40,39,36,44,0,35,11.9,96,-0.1
37,41,40,36,44,0,12,9.1,98,-0.1
37,41,40,36,44,0,15,7.2,100,-0.1
,,,,,,,,,
37,40,39,-6,43,0,0,2.22,33,-56
137,344,126,39,125,928,358,34,100.1240206,-0.1
46.48611111,74.17222222,52.31805556,35.8375,45.65555556,163.1165278,79.87886111,20.94183333,86.37581219,-0.364444444
19.01561693,70.302136,20.29018156,3.080737295,9.301216348,249.495273,110.8190531,5.562348437,15.99452825,2.12
