124,323,50,38,55,917,0,1.2,24.8,71,103
124,324,50,38,56,678,0,1.48,25.6,64,102
123,322,50,38,56,680,0,1.47,25.4,66,102
123,322,50,38,56,550,0,1.4,25.2,66,100
123,322,50,38,56,227,0,1.53,24.2,68,100
123,322,50,38,56,71,0,1.38,22.9,71,99
132,330,54,38,56,22,0,0.91,22.1,75,98
136,334,55,38,61,1,3.995,0.72,21.2,80,100
131,334,56,38,61,0,1.224,0.72,19.7,93,102
130,331,56,38,60,0,0,0.75,19.5,95,102
130,333,55,38,57,0,0,0.76,19.6,96,101
132,333,55,38,57,0,0,0.48,19.6,97,101
131,333,54,38,56,0,0,0.59,19.5,98,100
132,334,55,38,55,0,0.289,0.56,19.3,99,100
135,339,55,38,56,0,0.799,0.77,18.4,99,101
139,345,58,38,61,0,2.584,0.77,18,100,103
137,343,55,38,61,0,0.034,0.7,17.9,100,103
137,344,54,38,61,15,0.017,0.66,17.7,100,102
138,344,54,38,60,135,0,0.69,18.2,100,102
132,339,53,38,60,327,0,0.83,19.4,100,103
131,340,54,38,60,535,0,0.77,20.8,86,103
132,343,55,38,61,723,0,1.12,21.6,72,103
132,345,55,38,61,847,0,1.79,22.5,65,103
128,341,53,38,60,905,0,1.37,23.6,61,104
127,341,54,38,60,774,0,1.28,24.5,56,103
126,340,53,38,59,656,0,1.51,25.4,52,104
126,341,53,38,59,602,0,1.32,25.7,49,101
125,340,52,38,59,706,0,1.91,25.8,50,101
125,339,52,38,59,475,0,1.79,24.3,63,102
122,337,51,38,59,128,0,2.06,23.5,66,100
122,337,51,38,59,42,0,1.67,22.8,69,98
123,338,52,38,59,10,0,0.61,21.7,74,97
123,337,53,38,57,0,0,0.34,20.2,83,96
123,338,54,38,56,0,0,0.31,19.1,89,96
123,338,53,38,54,0,0,0.33,18.3,93,95
123,338,52,38,51,0,0,0.29,17.8,96,95
123,339,52,38,49,0,0,0.35,17.3,97,94
123,339,52,38,48,0,0,0.17,17,99,93
124,339,53,38,48,0,0,0.28,17.4,99,93
123,339,53,38,47,0,0,0.26,17.6,100,93
120,339,53,38,47,0,0,0.35,17.6,100,93
120,339,53,38,47,12,0,0.74,17.4,100,92
117,337,52,38,47,47,0,0.75,17.8,100,92
117,337,52,38,47,120,0,1.27,18.8,98,92
117,337,52,38,47,282,0,1.04,19.9,93,93
119,338,53,38,47,430,0,0.76,21.8,83,92
120,339,53,38,47,604,0,1.24,23.2,75,93
119,338,53,38,47,826,0,1.38,24,70,92
127,344,57,38,47,653,0,1.62,24.7,69,94
127,344,57,38,48,780,0,1.56,25.2,68,94
126,344,61,39,48,735,0,1.72,25.6,68,94
94,280,51,39,48,599,0,1.83,24.7,70,93
90,280,51,38,47,302,0,1.93,23.8,71,94
93,282,51,38,47,92,0,1.45,22.9,72,91
89,280,50,38,48,51,0,1.3,22.2,74,90
98,287,55,38,64,10,0,0.97,21.6,77,89
104,294,60,38,78,0,0,0.79,21,81,88
110,299,61,38,89,0,0,0.84,20.7,84,87
109,299,61,38,100,0,0,0.96,20.8,84,87
111,300,62,38,107,0,0,0.94,20.8,84,86
115,301,62,38,122,0,0,0.67,20.6,84,86
116,302,60,38,122,0,0,0.41,19.8,88,85
117,302,62,38,122,0,0,0.22,19.7,91,85
118,303,62,38,123,0,0,0.18,18.8,94,85
120,304,63,38,125,0,0,0.22,17.9,96,84
113,298,58,38,125,14,0,0.32,17.5,98,84
113,298,59,38,125,111,0,0.45,18.3,100,85
109,223,63,38,74,295,0,0.96,21,93,84
89,206,62,38,44,78,0,0.9,28.6,59,109
89,211,64,38,44,55,0,1.23,27.2,60,111
89,211,64,38,44,13,0,0.63,25.7,68,107
89,211,64,38,72,0,0,0.11,23.6,81,105
89,211,64,38,82,0,0,0.14,21.9,89,104
88,211,64,38,88,0,0,0.16,21.2,92,103
89,213,63,38,92,0,0,0.19,20.8,95,102
89,212,63,38,94,0,0,0.16,20.5,97,102
89,212,64,38,97,0,0,0.31,20.1,98,101
89,211,64,38,99,0,0,0.16,19.8,99,100
89,211,64,38,101,0,0,0.08,19.7,99,100
89,211,64,38,101,0,0,0.12,19.6,100,99
89,210,64,38,102,0,0,0.13,19.3,100,99
88,207,64,38,103,38,0,0.1,19.2,100,99
92,213,66,38,104,110,0,0.38,20.6,100,100
92,214,67,38,106,225,0,0.79,23,91,99
92,215,67,38,108,405,0,0.89,25,78,99
92,218,67,37,110,500,0,0.9,26.9,72,43
92,219,67,37,111,528,0,1.14,27.7,64,43
92,220,67,37,111,528,0,0.79,28.5,60,43
92,221,67,37,108,554,0,0.86,29,60,43
92,222,68,37,108,716,0,0.98,30,59,43
92,220,69,37,107,506,0,1.14,30,58,43
93,221,69,37,107,444,0,1.22,29.9,57,43
90,218,67,37,107,123,0,0.75,29.5,60,43
91,220,68,37,107,48,0,1.1,27.8,68,43
92,221,68,37,107,9,0,0.71,25.6,71,43
93,221,68,37,108,0,0,0.31,23.5,80,43
93,221,68,37,108,0,0,0.19,21.9,89,43
93,221,68,37,109,0,0,0.17,20.9,93,43
93,221,68,37,109,0,0,0.13,20.1,95,43
93,224,68,37,109,0,0,0.14,19.4,97,43
95,227,69,37,109,0,0,0.15,18.8,99,43
96,228,69,37,110,0,0,0.13,18.2,100,43
96,228,70,37,111,0,0,0.13,17.8,100,43
96,229,69,37,112,0,0,0.13,17.5,100,43
96,231,70,37,113,9,0,0.17,17.2,100,43
96,230,70,37,113,123,0,0.31,18.4,100,43
97,230,70,37,114,296,0,0.68,21.5,95,43
110,244,79,37,114,483,0,0.6,24.3,71,43
110,242,78,37,86,646,0,0.77,25.8,65,43
112,244,79,37,80,783,0,1.53,26.5,62,43
113,244,78,37,75,871,0,0.9,27.7,58,43
114,245,79,37,67,901,0,1.08,28.5,55,43
106,221,66,37,54,864,0,1.22,29.2,52,43
111,219,66,37,47,777,0,0.89,30.1,49,43
113,221,66,38,46,481,0,1.31,29.8,52,43
100,252,74,38,45,430,0,1.51,29.4,56,43
101,252,74,37,45,127,0,1.18,29,58,43
102,252,73,37,45,40,0,1.18,28.3,55,43
103,251,73,37,45,9,0,0.18,25.1,71,43
105,251,73,37,45,0,0,0.25,22.6,81,43
105,251,72,37,45,0,0,0.34,21.2,87,43
109,251,72,37,45,0,0,0.49,20.6,89,43
109,252,73,37,45,0,0,0.38,20.5,85,43
110,253,73,37,45,0,0,0.44,19.5,89,43
110,253,73,37,45,0,0,0.46,19.5,88,43
111,253,73,37,45,0,0,0.32,19.9,86,43
112,253,72,37,45,0,0,0.39,20.1,85,43
110,253,74,37,45,0,0,0.33,20.4,84,43
110,254,72,37,45,12,0,0.39,20.5,83,43
107,250,70,37,45,75,0,0.4,21.1,82,43
107,250,68,37,45,190,0,0.33,22.1,81,43
107,252,68,37,45,252,0,0.38,22.9,79,43
107,251,69,37,45,525,0,0.89,24.5,73,43
107,252,68,37,45,605,0,0.93,25.4,67,43
107,251,68,37,45,698,0,1.28,25.8,63,43
107,251,68,37,45,841,0,1.49,26.2,59,43
110,253,69,37,45,769,0,0.79,27.1,55,43
112,255,71,37,45,486,0,1.03,26.9,56,43
113,255,71,37,45,266,0,1.74,26.3,58,43
112,255,70,37,45,211,0,1.19,25,63,43
112,255,70,37,45,132,0,0.86,24.8,66,43
113,256,71,37,45,46,0,0.58,24,69,43
109,253,69,37,45,4,0,0.34,22.9,78,43
109,252,68,37,45,0,0,0.19,22.1,84,43
108,252,69,37,45,0,0,0.24,21.2,89,43
108,253,67,37,45,0,0,0.32,20.4,90,43
108,253,67,37,45,0,0,0.25,19.9,92,43
108,252,68,37,45,0,0,0.51,19.6,94,43
108,252,64,37,45,0,0,0.37,19.8,91,43
108,252,64,37,45,0,0,0.34,19.8,83,43
114,255,69,37,45,0,0,0.42,18.7,90,43
113,251,69,37,45,0,0,0.48,18.7,88,43
120,257,75,37,45,3,0,0.36,18.5,88,43
120,257,77,37,45,105,0,0.54,19,88,43
124,261,80,37,45,208,0,0.33,20.9,81,43
126,262,81,37,45,408,0,0.36,22.6,75,43
125,262,77,37,45,622,0,0.57,23.7,71,43
125,263,74,37,45,789,0,1,24.7,68,43
126,263,72,37,45,944,0,1.73,25.3,65,43
127,263,74,37,45,851,0,1.48,26.1,61,43
128,264,74,37,45,650,0,0.93,26.6,60,43
128,266,77,37,45,274,0,0.27,26.6,60,43
126,265,76,37,45,196,0,0.34,26.2,63,43
127,266,78,37,45,109,0,0.32,25.9,65,43
128,266,77,37,45,83,0,0.43,25.5,70,43
128,262,78,37,45,42,0,0.96,24.6,72,43
128,261,79,37,45,2,0,0.61,23.9,76,43
128,261,80,37,45,0,0,0.6,22.8,84,43
129,260,79,37,45,0,0,0.44,22.1,89,43
129,261,79,37,45,0,0,0.26,21.7,92,43
129,260,79,37,45,0,0,0.22,21.3,92,43
130,261,78,37,45,0,0,0.22,20.2,91,43
129,260,78,37,45,0,0,0.34,19.2,94,43
133,265,79,37,45,0,0,0.31,19.2,92,43
131,263,79,37,45,0,0,0.33,19.8,86,43
132,261,76,37,45,0,0,0.29,19.9,83,43
128,257,74,37,45,6,0,0.28,19.9,83,43
128,256,74,37,45,53,0,0.29,20,84,43
127,256,74,37,45,166,0,0.32,20.8,83,43
127,256,75,37,45,284,0,0.71,21.8,78,43
127,256,75,37,45,588,0,0.71,23.5,73,43
132,261,77,37,45,806,0,1.47,24.6,69,43
135,264,80,37,45,735,0,1.15,25.2,66,43
134,263,79,37,45,849,0,2.02,25.8,64,43
134,263,78,37,45,189,0,0.56,25.3,65,43
133,263,78,37,45,184,0,0.79,24.6,69,43
132,263,77,37,45,241,0,0.58,24.4,70,43
132,122,69,37,45,169,0,0.56,24.6,69,71
65,213,94,37,43,415,0.000,1.10,34.0,51,71
65,211,101,37,43,329,0.000,1.02,33.5,67,73
66,211,102,36,43,115,0.000,1.19,32.8,68,72
64,212,88,36,43,31,0.000,0.70,30.8,78,73
65,210,95,36,43,1,0.000,0.60,28.9,87,72
61,209,97,36,43,0,0.000,0.59,28.2,90,72
64,210,100,36,43,0,0.000,0.52,27.4,93,72
64,209,89,36,43,0,0.000,0.49,26.5,96,72
62,208,102,36,43,0,0.000,0.49,25.8,98,72
62,211,96,36,43,0,0.000,0.60,25.8,95,72
66,209,96,36,43,0,0.000,0.80,25.7,92,72
63,210,104,36,43,0,0.000,0.62,25.7,91,72
63,211,92,36,43,0,0.000,0.72,26.0,89,72
63,210,94,36,43,0,0.000,0.77,25.8,89,72
65,209,95,36,43,2,0.000,0.65,25.5,91,72
62,210,96,36,43,40,0.000,0.83,25.7,92,72
61,210,97,36,43,227,0.000,0.84,27.6,88,72
60,208,97,36,43,440,0.000,0.82,30.1,79,72
60,210,97,36,43,579,0.000,0.94,31.1,74,72
61,209,97,36,43,504,0.000,0.88,31.3,73,72
61,210,95,36,43,551,0.000,0.63,31.7,71,72
60,208,104,36,43,717,0.000,0.77,32.5,68,72
79,212,110,36,43,578,0.000,0.78,32.9,67,72
81,213,101,36,43,550,0.000,0.84,33.0,66,72
84,213,100,36,43,333,0.000,0.83,32.9,66,72
82,212,100,37,43,392,0.000,0.84,33.1,65,72
82,210,108,36,43,80,0.000,0.89,32.2,65,72
83,207,109,36,43,47,0.000,0.65,31.0,67,71
83,208,109,36,43,2,0.000,0.56,30.2,70,71
84,207,111,36,43,0,0.000,0.54,29.6,72,71
82,208,110,36,43,0,0.000,0.58,29.1,73,71
86,208,103,36,43,0,0.562,0.45,27.9,80,71
86,210,110,36,43,0,0.749,0.51,25.6,93,71
86,209,113,36,43,0,0.289,0.56,25.0,94,71
86,209,109,36,43,0,0.085,0.53,24.8,96,71
86,209,113,36,43,0,0.017,0.50,24.9,96,71
87,208,103,36,43,0,0.000,0.55,25.2,95,71
86,209,112,36,43,0,0.000,0.64,25.6,93,71
87,208,114,36,43,2,0.000,0.60,25.7,93,71
88,208,105,36,43,35,0.000,0.72,26.5,89,71
86,208,109,36,43,101,0.000,0.84,27.2,88,71
88,209,109,36,43,157,0.000,0.78,28.2,86,71
88,208,110,36,43,302,0.000,0.86,29.3,83,71
87,207,113,36,43,400,0.000,0.94,30.7,77,71
84,209,101,36,43,526,0.000,0.78,31.4,73,71
86,208,111,36,43,413,0.000,0.79,31.6,72,71
85,208,106,36,43,539,0.000,0.76,31.9,70,71
85,209,109,37,43,704,0.000,0.84,33.2,65,71
85,208,110,36,43,271,0.000,1.08,32.4,68,71
86,208,96,36,43,196,0.000,1.20,31.1,75,71
86,207,109,36,43,115,0.000,0.67,31.0,73,71
86,207,111,36,43,37,0.000,0.66,30.1,76,71
85,207,106,36,43,2,0.000,0.67,28.4,83,71
85,207,110,36,43,0,0.000,0.57,27.1,87,71
87,209,106,36,43,0,0.000,0.59,26.5,88,71
86,208,104,36,43,0,0.000,0.55,26.0,89,71
86,209,107,36,43,0,0.000,0.56,25.1,94,71
87,209,104,36,43,0,0.000,0.47,24.6,96,71
88,209,105,36,43,0,0.000,0.55,24.2,97,71
87,209,111,36,43,0,0.000,0.71,24.8,94,71
87,208,109,36,43,0,0.000,1.37,26.7,84,71
87,208,109,36,43,0,0.000,1.29,26.8,82,71
87,208,107,36,43,1,0.000,1.05,26.3,84,71
87,209,100,36,43,75,0.000,1.27,26.2,88,71
60,199,93,36,43,134,0.000,1.13,27.0,87,71
57,198,88,36,43,360,0.000,1.42,28.0,82,71
58,198,88,36,43,583,0.000,2.11,29.3,70,71
57,197,81,36,43,805,0.000,2.29,30.4,64,71
56,195,88,36,43,905,0.000,2.75,31.0,62,70
54,195,81,36,43,863,0.000,2.36,31.4,63,70
56,195,87,36,43,920,0.000,2.08,31.7,63,70
55,195,81,37,43,776,0.000,2.25,31.8,61,70
56,194,81,37,43,657,0.000,2.28,31.4,61,70
40,194,81,37,43,485,0.000,2.33,31.3,61,70
46,195,84,37,43,120,0.000,1.73,30.7,62,70
44,196,84,36,43,29,0.000,1.99,29.4,65,70
44,195,81,36,43,2,0.000,1.36,28.1,68,70
43,195,86,36,43,0,0.000,0.43,26.7,75,70
47,196,88,36,43,0,0.000,0.53,25.0,84,70
44,195,85,36,43,0,0.000,0.33,24.2,88,70
43,196,85,36,43,0,0.000,0.25,23.1,92,71
43,196,89,36,43,0,0.000,0.27,22.2,96,71
49,195,89,36,43,0,0.000,0.33,21.6,97,71
45,195,88,36,43,0,0.000,0.30,21.0,99,71
45,195,85,36,43,0,0.000,0.26,20.6,100,71
44,194,89,36,43,0,0.000,0.21,20.1,99,71
45,195,88,36,43,1,0.000,0.22,19.8,100,71
43,195,86,36,43,71,0.000,0.37,20.2,100,71
45,195,85,36,43,248,0.000,0.79,21.9,100,71
43,195,84,36,43,441,0.000,0.78,25.0,88,71
46,195,84,36,43,627,0.000,1.08,26.9,76,71
41,195,88,36,43,781,0.000,1.38,29.0,67,71
45,194,84,36,43,877,0.000,1.77,30.2,62,71
41,193,82,36,43,910,0.000,1.98,30.5,61,71
43,194,87,36,43,881,0.000,2.13,31.0,60,71
43,194,85,37,43,782,0.000,2.03,31.4,60,71
42,194,91,37,43,629,0.000,2.14,31.2,63,71
41,193,87,37,43,422,0.000,2.07,30.9,65,71
43,194,86,36,43,130,0.000,1.86,29.9,69,71
42,195,88,36,43,34,0.000,1.24,28.6,74,71
42,195,87,36,43,1,0.000,0.71,27.5,80,71
43,195,88,36,43,0,0.000,0.45,26.3,85,71
40,195,89,36,43,0,0.000,0.91,25.8,84,71
42,195,87,36,43,0,0.000,0.65,25.4,86,71
41,195,90,36,43,0,0.000,0.81,25.5,86,71
41,194,87,36,43,0,0.000,1.03,25.6,87,71
42,194,87,36,43,0,0.000,1.42,25.9,86,71
41,194,87,36,43,0,0.000,1.18,26.0,88,71
42,194,86,36,43,0,0.000,0.95,25.7,90,71
43,194,88,36,43,0,0.000,0.40,24.8,94,71
40,194,89,36,43,1,0.000,0.41,23.9,97,71
41,194,88,36,43,37,0.000,0.59,23.9,99,71
41,193,85,36,43,166,0.000,0.88,25.3,97,71
42,193,88,36,43,377,0.000,0.74,27.5,87,71
39,193,88,36,43,606,0.000,0.94,28.8,76,71
39,193,87,36,43,720,0.000,1.07,29.8,68,71
41,193,87,36,43,803,0.000,1.37,30.3,63,70
40,192,88,36,43,499,0.000,1.20,30.2,63,70
39,192,88,36,43,551,0.000,1.28,30.6,57,70
39,192,89,37,43,717,0.000,1.49,31.3,52,70
40,193,89,37,43,447,0.000,1.65,31.1,51,70
40,193,90,37,43,425,0.000,1.93,30.4,61,70
42,193,91,36,43,125,0.000,1.58,29.9,61,70
40,193,88,36,43,28,0.000,1.16,28.9,54,70
38,190,84,36,43,1,0.000,0.28,25.0,74,70
38,189,84,36,43,0,0.000,0.26,22.9,83,70
38,189,81,36,43,0,0.000,0.23,21.9,89,70
38,189,82,36,43,0,0.000,0.16,21.2,92,70
38,188,79,36,43,0,0.000,0.17,20.5,95,70
38,188,81,36,43,0,0.000,0.11,19.9,95,70
38,189,79,36,43,0,0.000,0.16,19.5,96,70
38,188,82,36,43,0,0.000,0.16,19.1,98,70
38,189,82,36,43,0,0.000,0.16,18.9,98,70
38,189,82,36,43,0,0.000,0.17,18.9,99,70
38,188,82,36,43,1,0.000,0.16,18.6,99,70
38,189,81,36,43,46,0.000,0.35,18.9,99,70
38,189,81,36,43,200,0.000,0.60,21.2,97,70
38,188,81,36,43,330,0.000,0.72,24.0,84,70
38,188,82,36,43,437,0.000,0.83,26.1,75,69
38,188,82,36,43,475,0.000,0.98,27.1,73,69
38,189,82,36,43,599,0.000,0.94,28.0,71,69
38,188,81,36,43,609,0.000,0.90,29.7,66,69
38,188,80,36,43,340,0.000,1.27,29.7,65,69
38,187,80,37,43,526,0.000,1.44,29.5,66,69
38,187,81,37,43,550,0.000,1.38,30.5,64,69
38,187,82,37,43,348,0.000,1.78,29.7,66,69
38,187,79,36,43,115,0.000,1.27,28.8,71,69
38,188,82,36,43,53,0.000,0.83,28.0,75,69
38,187,82,36,43,2,0.000,0.38,26.6,83,69
38,188,82,36,43,0,0.000,0.33,25.4,89,69
38,188,84,36,43,0,0.000,0.36,24.7,93,69
38,188,83,36,43,0,0.000,0.35,23.9,95,69
38,188,83,36,43,0,0.000,0.31,23.4,97,69
38,188,83,36,43,0,0.000,0.34,23.0,98,69
38,188,84,36,43,0,0.000,0.37,22.7,98,69
38,187,84,36,43,0,0.000,0.37,22.4,100,69
38,188,84,36,43,0,0.000,0.37,22.2,100,69
38,187,84,36,43,0,0.000,0.44,22.0,100,69
38,188,84,36,43,0,0.000,0.47,21.8,100,69
38,188,83,36,43,36,0.000,0.67,21.8,100,69
38,187,82,36,43,180,0.000,1.28,24.3,99,69
38,188,83,36,43,326,0.000,0.99,27.0,86,69
38,188,83,36,43,331,0.000,0.82,27.2,81,69
37,187,83,36,43,454,0.000,1.15,27.9,77,69
37,186,83,36,43,542,0.000,1.83,28.6,72,69
37,186,81,36,43,433,0.000,1.98,28.9,69,69
38,186,83,36,43,260,0.000,1.32,28.8,70,69
38,186,83,36,43,232,0.000,0.99,28.9,70,69
38,187,82,36,43,180,0.000,0.56,29.4,70,69
38,187,81,36,43,72,0.000,0.61,28.7,72,68
38,187,82,36,43,116,0.000,0.79,28.5,75,68
38,188,84,36,43,37,0.000,1.01,28.0,74,68
38,188,83,36,43,0,0.000,0.39,26.4,83,68
38,188,84,36,43,0,0.000,0.35,25.6,88,68
38,187,84,36,43,0,0.000,0.42,25.1,91,68
38,187,83,36,43,0,0.000,0.41,24.8,92,68
38,187,86,36,43,0,0.000,0.39,24.6,93,68
38,187,84,36,43,0,0.000,0.44,24.5,94,68
38,187,85,36,43,0,0.000,0.47,24.3,93,68
38,186,85,36,43,0,0.000,0.45,24.5,90,68
38,187,84,36,43,0,0.000,0.36,24.4,88,68
38,187,84,36,43,0,0.000,0.37,24.4,86,68
38,187,83,36,43,1,0.000,0.29,24.0,90,68
38,188,87,36,43,15,0.000,0.31,23.8,91,68
38,189,87,36,43,41,0.000,0.51,24.1,92,68
38,189,88,36,43,104,0.000,0.47,24.7,91,68
39,191,89,36,43,128,1.123,0.54,25.0,90,68
41,191,90,36,43,194,0.357,0.42,24.4,98,68
42,190,89,36,43,242,0.000,0.46,25.1,96,68
43,190,89,36,43,278,0.000,0.64,26.1,91,68
42,190,89,36,43,237,0.000,0.58,26.7,84,68
43,189,87,36,43,120,0.000,0.62,27.1,84,68
43,188,84,36,43,82,0.340,0.57,26.1,92,68
43,187,82,36,43,71,1.294,0.52,25.3,98,68
43,186,83,36,43,38,0.000,0.39,25.5,99,68
43,184,82,36,43,8,0.051,0.70,25.3,99,68
43,187,85,36,43,0,0.970,0.66,25.0,100,68
43,189,85,36,43,0,1.902,0.80,24.9,100,69
43,187,85,36,43,0,1.668,0.91,25.0,100,69
43,186,84,36,43,0,1.243,1.14,25.0,100,69
43,185,83,36,43,0,0.919,1.21,25.1,100,69
43,186,83,36,43,0,0.664,1.28,25.2,100,69
66,200,106,36,43,0,0.800,1.52,25.4,99,71
78,217,150,35,44,0,1.157,2.39,24.8,100,71
76,215,149,26,48,0,1.209,2.25,25.0,100,72
80,212,151,35,67,0,1.294,2.57,25.0,100,72
83,216,153,34,71,0,1.413,2.79,25.2,100,73
93,103,126,21,76,4,1.481,3.44,25.0,100,73
77,88,118,30,54,32,1.702,3.17,25.2,100,72
73,82,114,34,45,17,1.919,2.16,25.0,100,72
74,83,112,34,46,13,2.140,2.48,25.1,100,72
70,78,106,34,45,28,2.294,3.36,25.7,100,72
66,73,99,35,45,54,2.447,3.40,26.0,100,71
61,70,96,36,45,258,2.106,2.81,26.3,100,71
57,63,94,36,44,472,1.328,2.67,27.9,99,71
58,64,93,36,44,587,1.123,2.26,29.4,89,71
52,60,92,36,44,692,1.021,2.44,31.1,75,71
55,59,89,36,44,457,0.902,2.16,31.1,72,71
54,57,89,36,44,125,0.851,1.61,30.1,71,70
51,57,88,36,44,14,1.055,0.93,27.4,81,70
49,55,86,36,44,0,2.243,1.15,26.7,82,70
47,55,85,36,44,0,2.651,0.59,25.6,87,70
48,56,87,36,44,0,1.851,0.51,24.4,94,70
50,55,86,36,44,0,0.017,0.52,23.7,97,70
49,54,85,36,44,0,0.000,0.53,23.2,99,70
46,54,85,36,44,0,0.000,0.56,22.9,100,70
43,53,84,36,44,0,0.000,0.53,22.5,99,70
42,53,84,36,44,0,0.017,0.74,22.2,100,70
45,53,84,36,44,0,0.000,0.85,22.0,100,70
41,54,82,36,44,0,0.000,0.94,22.1,100,70
42,53,80,36,44,0,0.000,1.00,21.9,100,69
49,200,80,36,44,21,0.000,1.07,22.0,100,69
47,201,79,36,44,73,0.000,1.20,22.6,100,69
52,203,79,36,44,70,0.000,1.15,23.4,100,69
51,202,80,36,44,165,0.000,1.04,24.1,98,69
45,202,80,36,44,159,0.000,1.02,24.8,92,69
50,204,79,36,44,204,0.000,1.03,25.4,85,69
48,204,79,36,44,276,0.000,1.01,25.4,85,69
45,202,75,36,44,598,0.000,1.02,26.5,79,69
43,202,77,36,44,467,0.000,0.99,27.0,74,70
41,201,76,36,44,297,0.000,0.78,27.3,73,70
44,202,76,36,44,402,0.000,1.16,27.4,74,70
42,201,76,36,44,120,0.000,0.60,27.5,75,70
44,201,76,36,44,24,0.000,0.38,25.1,85,70
46,202,76,36,44,1,0.000,0.34,22.9,92,70
40,202,77,36,44,0,0.000,0.26,21.8,96,70
44,202,77,36,44,0,0.000,0.30,20.9,98,70
41,203,77,36,44,0,0.000,0.28,20.4,100,70
41,202,76,36,44,0,0.000,0.29,19.9,100,70
54,208,83,36,44,0,0.000,0.24,19.3,100,70
52,207,83,36,44,0,0.000,0.28,18.7,99,70
52,208,85,36,44,0,0.000,0.30,18.2,100,70
52,208,84,36,44,0,0.000,0.33,17.7,100,71
51,208,82,36,44,0,0.000,0.39,17.1,100,71
58,208,83,36,44,0,0.000,0.42,16.7,100,71
51,208,85,36,44,45,0.000,0.49,16.6,100,71
56,208,84,36,46,263,0.000,1.07,18.5,100,71
55,208,87,36,46,450,0.000,1.14,21.4,94,71
45,207,82,36,46,550,0.000,0.90,24.3,77,71
45,207,83,36,50,801,0.000,1.07,26.2,64,71
43,207,84,36,50,760,0.000,1.31,26.7,62,71
45,207,82,36,50,623,0.000,1.14,27.1,64,71
43,206,85,36,49,438,0.000,1.27,27.0,68,71
43,207,83,36,49,462,0.000,1.28,27.0,70,71
43,207,83,36,44,348,0.000,1.05,27.5,69,71
42,207,82,36,44,171,0.000,0.72,27.3,69,71
42,207,83,36,44,68,0.000,0.50,26.0,81,71
44,208,82,36,44,17,0.000,0.40,25.2,87,72
43,206,84,36,44,0,0.000,0.34,23.9,91,72
43,208,84,36,44,0,0.000,0.29,22.8,94,72
42,207,83,36,45,0,0.000,0.31,22.0,96,72
42,207,83,36,46,0,0.000,0.25,21.3,98,72
43,208,83,36,47,0,0.000,0.26,20.6,99,72
45,207,84,36,48,0,0.000,0.20,20.0,100,72
42,208,83,36,51,0,0.000,0.18,19.4,99,72
43,207,83,36,53,0,0.000,0.20,19.1,100,72
44,208,81,36,53,0,0.000,0.27,18.9,100,72
46,207,84,36,54,0,0.000,0.45,19.0,100,72
42,208,84,36,54,0,0.000,0.37,19.1,100,72
43,207,83,36,54,9,0.000,0.39,19.2,100,72
44,208,83,36,54,57,0.000,0.58,19.6,100,71
44,207,83,36,54,108,0.085,0.69,20.8,99,72
43,207,83,36,55,138,0.238,0.75,21.2,97,71
43,207,81,36,55,242,0.051,0.75,21.9,96,72
42,207,84,36,55,186,0.000,0.61,22.9,92,71
43,206,83,36,55,328,0.000,0.73,23.2,92,71
45,207,82,36,55,427,0.000,0.67,24.8,86,71
43,207,84,36,55,206,0.000,0.56,25.4,79,71
44,207,83,36,54,290,0.000,0.87,25.6,79,71
45,207,84,36,54,169,0.000,0.95,25.6,78,71
49,208,85,36,54,86,0.000,0.94,25.4,79,72
48,208,86,36,54,23,0.000,0.51,24.3,86,72
49,208,85,36,54,0,0.000,0.30,22.9,93,72
49,208,86,36,55,0,0.000,0.32,22.1,96,72
49,210,85,36,56,0,0.000,0.27,21.4,98,72
50,210,85,36,56,0,0.000,0.28,20.4,100,72
52,209,87,36,56,0,0.000,0.19,19.5,100,72
53,208,85,36,57,0,0.000,0.26,19.0,100,72
51,210,86,36,56,0,0.000,0.26,18.8,99,72
53,209,86,36,56,0,0.000,0.24,18.6,100,72
52,209,86,36,57,0,0.000,0.24,18.2,100,72
52,209,86,36,56,0,0.000,0.22,17.8,100,72
53,209,85,36,56,1,0.000,0.43,17.5,100,72
58,208,85,36,54,75,0.000,0.60,18.1,100,72
52,209,85,36,54,214,0.000,1.12,20.1,99,72
54,209,84,36,54,339,0.000,1.12,22.1,93,72
53,209,85,36,53,603,0.000,1.05,25.1,84,71
54,208,85,36,51,783,0.000,0.93,26.8,75,71
53,208,84,36,49,700,0.000,1.02,27.4,71,71
53,208,85,36,47,403,0.000,0.86,27.3,70,71
57,207,86,36,46,799,0.000,1.45,27.8,71,71
60,208,85,36,45,578,0.000,1.28,27.8,71,71
57,208,86,36,44,607,0.000,1.45,28.2,68,71
53,210,87,36,44,327,0.000,1.24,27.6,70,71
50,207,87,36,44,69,0.000,1.16,25.7,74,71
53,208,85,36,44,21,0.000,0.51,24.8,80,71
52,208,85,36,44,0,0.000,0.38,24.1,84,71
52,208,87,36,44,0,0.000,0.37,23.4,87,71
56,208,85,36,44,0,0.000,0.38,23.0,89,71
51,208,86,36,44,0,0.000,0.33,22.7,92,71
53,208,86,36,44,0,0.000,0.32,22.6,93,71
55,209,85,36,44,0,0.000,0.40,22.5,93,71
56,207,88,36,44,0,0.000,0.51,22.3,92,71
54,207,87,36,44,0,0.000,0.36,22.1,94,71
54,208,85,36,44,0,0.000,0.38,22.0,96,71
53,208,87,36,44,0,0.000,0.37,21.9,97,71
51,208,87,36,44,0,0.000,0.35,21.9,97,71
54,209,87,36,49,4,0.494,0.43,21.8,98,72
54,209,87,36,50,18,0.511,0.51,21.6,100,72
55,208,88,36,49,46,0.323,0.50,21.7,100,72
56,63,93,36,51,85,0.306,0.56,21.9,100,72
59,62,93,36,50,113,0.272,0.73,22.3,100,71
61,63,94,36,50,32,0.272,0.87,22.2,100,72
63,65,95,36,56,19,0.289,1.02,22.1,100,72
61,63,95,36,57,47,0.289,1.10,22.1,100,72
60,61,93,36,56,152,0.289,1.11,22.8,100,71
58,60,91,36,51,141,0.272,0.98,23.3,100,71
57,61,91,36,48,123,0.238,0.93,23.6,99,71
55,60,92,36,45,42,0.255,1.02,23.7,97,71
56,59,91,36,45,7,0.340,0.83,23.3,100,71
57,59,91,36,44,0,0.443,0.99,23.1,100,71
54,58,91,36,44,0,0.545,1.15,23.0,100,71
53,59,91,36,44,0,0.511,1.22,23.0,100,71
54,60,91,36,44,0,0.443,1.14,22.9,100,71
54,60,90,36,44,0,0.374,1.25,22.9,100,71
56,60,91,36,44,0,0.528,1.22,22.8,100,71
52,60,90,36,44,0,0.936,1.19,22.7,99,71
54,61,90,36,44,0,0.340,1.11,22.6,100,71
54,61,90,36,44,0,0.017,1.16,22.4,100,71
56,60,90,36,44,0,0.000,0.99,22.4,100,71
53,61,90,36,44,0,0.017,1.12,22.2,100,70
57,62,90,36,44,8,0.017,1.17,22.2,100,70
57,62,90,36,44,26,0.017,1.01,22.4,100,70
54,60,90,36,44,44,0.017,0.95,22.8,100,70
55,61,90,36,44,103,0.443,1.04,23.1,100,70
54,62,90,36,44,144,0.000,1.03,23.7,100,70
53,60,90,36,44,294,0.000,0.92,24.3,100,70
52,60,89,36,44,455,0.000,0.91,25.2,97,70
51,60,89,36,44,400,0.000,1.00,26.7,88,70
54,60,89,36,44,242,0.000,0.76,26.4,91,70
54,60,88,36,44,196,0.000,1.26,26.6,88,70
56,60,89,36,44,71,0.000,1.29,26.0,87,70
55,59,88,36,44,43,0.051,0.76,24.6,94,70
55,59,88,36,44,39,0.085,0.80,24.6,95,70
53,59,88,36,44,1,0.051,0.82,24.1,95,70
53,59,88,36,44,0,0.051,0.71,23.4,97,70
56,60,89,36,44,0,0.017,0.86,22.8,98,70
52,60,88,36,44,0,0.000,0.50,21.8,100,70
51,59,88,36,44,0,0.000,0.65,21.3,100,70
52,60,88,36,44,0,0.000,0.66,21.0,100,70
53,59,88,36,44,0,0.000,0.71,21.0,99,70
51,60,88,36,44,0,0.000,0.93,21.0,100,70
50,60,88,36,44,0,0.000,1.07,21.1,100,70
52,61,87,36,44,0,0.000,1.09,21.2,100,70
53,62,88,36,44,0,0.017,1.05,21.2,100,70
54,63,88,36,44,4,0.017,1.13,21.4,100,70
53,61,87,36,44,11,0.102,1.11,21.5,100,70
59,64,92,36,44,31,0.034,1.04,21.7,100,70
57,61,89,36,45,80,0.000,1.22,22.1,100,70
53,62,89,36,44,127,0.000,1.01,22.9,100,70
54,60,88,36,44,101,0.136,1.01,23.0,100,70
55,59,83,36,44,135,0.170,1.08,23.2,99,70
52,61,83,36,44,111,0.034,1.39,23.3,96,70
53,61,83,36,44,105,0.000,1.91,23.4,93,70
52,60,83,36,44,110,0.000,1.39,23.3,93,70
55,60,82,36,44,77,0.000,1.96,23.4,88,70
53,60,80,36,44,56,0.000,1.28,23.2,86,70
53,60,82,36,44,9,0.000,1.13,22.6,89,70
53,60,82,36,44,0,0.000,0.58,21.6,94,70
54,58,82,36,44,0,0.000,0.48,20.9,98,70
53,59,82,36,44,0,0.000,0.55,20.1,100,70
51,60,82,36,44,0,0.000,0.55,19.5,100,70
54,61,82,36,44,0,0.000,0.65,19.2,100,70
54,59,82,36,44,0,0.000,0.68,18.9,100,70
53,60,82,36,44,0,0.000,0.72,18.4,99,70
57,61,83,36,44,0,0.000,0.70,17.9,100,70
56,61,83,36,44,0,0.017,0.73,17.5,100,70
51,60,83,36,44,0,0.000,0.81,17.5,100,70
51,61,83,36,44,0,0.000,0.87,17.4,100,70
53,63,83,36,44,28,0.017,0.85,17.1,100,70
54,61,83,36,44,236,0.017,0.96,17.7,100,70
51,61,82,36,44,435,0.068,0.96,20.3,100,70
51,63,83,36,44,625,0.034,0.93,23.6,91,70
52,61,84,36,44,787,0.000,1.02,25.8,78,70
52,62,84,36,44,672,0.000,0.74,26.9,68,70
50,62,84,36,44,928,0.000,1.01,27.6,61,70
51,61,83,36,44,850,0.000,1.06,28.9,55,70
53,61,88,37,43,711,0.000,1.58,29.1,52,70
52,61,89,37,43,615,0.000,1.54,29.1,53,70
53,61,89,37,43,420,0.000,1.42,28.5,54,70
53,60,89,36,43,131,0.000,1.15,27.5,58,70
51,60,89,36,43,28,0.000,0.56,25.7,63,70
52,60,89,36,43,0,0.000,0.25,22.3,76,70
51,61,89,36,44,0,0.000,0.22,19.8,89,70
52,62,89,36,44,0,0.000,0.20,18.7,93,70
51,59,90,36,44,0,0.000,0.14,17.7,96,70
52,61,89,36,44,0,0.000,0.14,17.0,98,70
53,61,91,36,44,0,0.000,0.13,16.6,99,70
53,62,92,36,44,0,0.000,0.14,16.1,99,70
56,62,92,36,44,0,0.000,0.14,15.5,100,70
55,63,92,36,44,0,0.000,0.13,15.3,100,70
55,62,91,36,44,0,0.017,0.22,15.1,100,70
58,65,91,36,44,1,0.034,0.14,14.9,100,70
56,63,92,36,44,58,0.017,0.20,15.1,100,70
56,64,91,36,44,134,0.000,0.36,16.5,100,70
55,63,91,36,44,214,0.000,0.56,18.4,100,70
54,63,92,36,44,336,0.000,0.51,20.8,91,70
85,59,80,36,44,472,0.000,0.76,23.1,85,70
38,64,92,36,43,726,0.000,0.95,25.7,76,70
38,63,93,36,43,663,0.000,1.13,26.7,68,70
37,65,92,37,43,855,0.000,1.09,28.0,60,70
37,64,92,37,43,565,0.000,1.15,28.1,57,69
37,63,93,37,43,389,0.000,0.87,27.6,64,69
37,63,93,37,43,266,0.000,0.71,27.6,66,69
37,63,91,36,43,125,0.000,0.50,27.2,71,69
38,64,93,36,43,27,0.000,0.40,25.1,80,69
38,63,93,36,43,0,0.000,0.23,22.5,89,69
38,67,92,36,43,0,0.000,0.16,20.9,94,69
38,62,94,36,43,0,0.000,0.16,20.0,97,69
38,64,94,36,43,0,0.000,0.15,19.9,98,69
38,65,94,36,43,0,0.000,0.16,19.7,100,69
38,64,94,36,43,0,0.000,0.18,19.4,100,69
38,65,92,36,43,0,0.000,0.22,19.2,99,69
38,66,92,36,43,0,0.000,0.20,18.9,100,69
38,66,93,36,43,0,0.000,0.20,18.8,100,69
38,67,95,36,43,0,0.000,0.23,18.6,100,69
38,66,92,36,43,0,0.000,0.25,18.4,100,69
38,64,92,36,43,21,0.000,0.28,18.4,100,69
38,68,96,36,43,104,0.000,0.57,19.2,100,69
38,67,97,36,43,168,0.000,0.75,20.9,98,69
38,66,97,36,43,189,0.000,0.77,22.1,92,69
38,68,97,36,43,169,0.000,0.66,23.3,87,69
38,69,97,36,43,183,0.000,0.53,23.5,86,69
38,69,97,36,43,185,0.000,0.45,23.8,86,69
38,69,97,36,43,119,0.000,0.40,23.9,87,69
38,67,98,36,43,60,0.000,0.34,23.3,92,69
38,69,99,36,43,60,0.119,0.56,22.6,99,69
38,69,99,36,43,39,0.238,0.71,22.2,100,69
38,68,99,36,43,27,0.051,0.57,22.0,100,69
38,69,102,36,43,9,0.017,0.53,21.6,100,69
38,68,103,36,43,0,0.017,0.86,20.0,100,69
38,68,102,36,43,0,0.000,0.65,19.4,100,69
38,70,103,36,43,0,0.017,0.82,19.0,100,69
38,72,103,36,43,0,0.017,0.68,18.8,100,69
38,70,104,36,44,0,0.000,0.48,18.7,100,69
38,71,107,36,44,0,0.017,0.59,18.6,100,69
38,71,102,36,43,0,0.000,0.60,18.7,99,69
38,73,102,36,43,0,0.000,0.58,18.7,100,69
38,74,105,36,43,0,0.017,0.73,18.8,100,69
38,75,106,36,43,0,0.000,0.95,18.8,100,69
38,73,105,36,43,0,0.017,0.89,18.9,100,69
38,72,104,36,44,8,0.000,0.94,19.0,100,69
38,74,106,36,43,34,0.017,0.92,19.3,100,69
41,77,117,36,43,27,0.000,1.10,19.6,100,70
40,76,115,36,44,40,0.017,1.16,19.8,100,70
39,77,116,36,44,32,0.000,1.19,20.0,100,71
39,72,118,36,46,34,0.017,1.02,19.8,100,71
39,75,116,36,48,80,0.000,1.01,19.8,100,71
39,70,114,36,45,107,0.017,1.05,20.4,100,71
39,72,113,36,44,122,0.017,1.07,20.7,100,71
39,71,111,36,44,74,0.000,0.95,21.0,100,70
39,74,115,36,44,37,0.017,0.93,21.1,100,70
39,71,113,36,44,19,0.017,0.96,21.0,100,70
39,70,114,36,44,2,0.000,1.02,20.7,100,70
39,73,110,36,44,0,0.017,1.03,20.6,100,70
38,72,112,36,44,0,0.000,0.97,20.4,100,70
39,73,114,36,44,0,0.017,1.06,20.2,100,70
39,73,115,36,44,0,0.000,1.20,20.2,100,71
38,70,114,36,44,0,0.017,1.17,20.2,100,70
38,73,112,36,44,0,0.017,1.07,20.2,100,70
39,71,113,36,44,0,0.000,1.09,20.3,99,70
39,73,113,36,44,0,0.017,1.15,20.3,100,70
38,75,111,36,44,0,0.000,1.21,20.4,100,70
38,73,110,36,44,0,0.017,1.18,20.4,100,70
45,81,122,36,44,0,0.017,1.19,20.4,100,73
90,115,113,-5,96,0,0.119,1.55,20.1,100,74
101,111,96,-1,94,1,0.034,1.42,20.1,100,74
81,96,89,-6,113,6,0.017,1.41,20.2,100,74
79,75,111,3,96,24,0.000,1.37,20.4,100,73
74,78,118,7,85,54,0.034,1.48,20.7,100,73
64,69,96,14,71,165,0.051,1.40,21.0,100,72
44,54,81,27,48,195,0.051,1.29,21.6,100,72
39,49,65,32,43,251,0.102,1.14,22.0,100,71
39,48,59,34,43,241,0.272,1.46,23.4,100,71
39,47,52,35,43,142,1.260,1.67,23.8,100,70
39,46,50,35,43,102,1.532,1.53,23.8,100,70
39,46,49,35,43,31,1.634,1.65,23.3,100,70
39,46,48,35,43,8,1.566,1.71,23.1,100,70
39,45,46,35,43,0,1.396,1.71,22.7,100,70
39,45,46,36,43,0,1.226,1.73,22.5,100,70
39,45,46,36,43,0,1.123,1.74,22.5,100,69
39,45,45,36,43,0,0.987,1.84,22.4,100,69
39,45,45,36,43,0,0.783,1.99,22.3,100,70
39,45,46,36,43,0,0.698,2.21,22.2,100,69
39,45,45,36,43,0,0.562,2.02,22.1,99,69
39,45,56,36,43,0,0.443,2.33,22.0,100,70
39,45,49,36,43,0,0.409,1.92,21.9,100,70
39,45,47,36,43,0,0.340,2.05,22.0,100,70
39,45,46,36,43,0,0.289,1.95,22.0,100,69
39,45,45,36,43,8,0.255,2.05,22.0,100,69
39,45,45,36,43,21,0.221,2.07,22.3,100,69
39,45,44,36,43,56,0.187,2.20,22.6,100,69
39,45,44,36,43,58,0.170,2.23,23.0,100,69
39,45,44,36,43,63,0.136,2.40,23.2,100,69
39,45,44,36,43,87,0.119,2.59,23.4,100,69
39,45,44,36,43,113,0.085,2.70,23.7,100,69
39,44,43,36,43,120,0.068,2.59,24.1,100,69
39,44,43,36,43,119,0.051,2.47,24.5,100,69
39,44,43,36,43,70,0.051,1.90,24.6,100,69
39,44,43,36,43,68,0.034,1.67,24.6,100,68
39,44,43,36,43,40,0.051,1.63,24.7,100,68
39,44,43,36,43,13,0.017,1.51,24.6,100,68
121,132,154,-1,90,0,0.187,1.40,24.1,100,73
58,67,109,15,53,0,0.017,1.24,23.8,100,72
38,51,76,29,44,0,0.000,1.15,23.7,100,71
38,46,58,33,44,0,0.017,1.21,23.4,100,71
38,45,50,34,44,0,0.000,1.18,23.0,100,71
38,45,48,34,44,0,0.017,1.20,22.9,100,70
38,45,46,35,44,0,0.000,1.22,22.8,99,70
38,45,45,35,44,0,0.017,1.25,22.8,100,70
38,45,44,35,44,0,0.000,1.31,22.8,100,70
38,45,44,35,44,0,0.000,1.22,22.8,100,70
37,44,44,35,44,0,0.017,1.35,22.8,100,69
37,44,43,35,44,13,0.000,1.29,22.9,100,69
37,44,43,35,44,51,0.017,1.30,23.4,100,69
37,44,42,35,44,83,0.000,1.24,24.0,100,69
37,44,42,35,44,196,0.017,1.21,24.7,100,69
37,44,41,35,44,474,0.000,1.07,25.9,100,69
37,44,41,35,44,615,0.017,1.30,27.4,95,69
37,44,41,35,44,484,0.000,1.56,28.1,91,69
37,44,41,35,44,366,0.017,1.58,28.5,87,68
37,44,41,36,44,440,0.000,1.61,28.4,87,68
37,43,40,36,43,390,0.000,1.48,28.5,84,68
37,44,40,36,43,112,0.017,1.40,27.7,84,68
37,44,40,36,43,75,0.000,1.03,27.2,87,68
37,44,40,36,43,15,0.017,0.83,25.8,94,68
37,44,40,36,43,0,0.000,0.75,24.6,99,68
37,44,40,36,43,0,0.000,0.91,24.0,100,68
37,44,40,36,43,0,0.017,0.91,23.5,100,68
37,44,40,36,43,0,0.000,0.97,23.1,100,68
37,44,40,36,43,0,0.017,1.00,22.8,100,68
37,44,40,36,43,0,0.000,1.02,22.7,100,68
37,44,40,35,43,0,0.000,1.09,22.4,99,68
37,44,40,36,43,0,0.017,1.12,22.1,100,67
37,44,40,36,43,0,0.000,1.09,22.0,100,67
37,44,40,36,43,0,0.017,1.09,21.7,100,67
37,44,40,36,43,0,0.000,1.15,21.9,100,67
37,44,40,36,43,13,0.000,1.23,22.3,100,67
37,43,40,36,43,130,0.017,1.47,23.9,100,67
37,43,40,36,43,116,0.000,1.19,25.1,100,67
37,43,40,36,43,223,0.017,0.97,25.8,98,67
37,43,40,36,43,188,0.000,0.94,26.5,96,67
37,43,40,36,43,341,0.017,1.00,27.1,95,67
37,43,40,36,43,423,0.000,0.97,28.5,89,67
37,43,40,36,43,281,0.000,0.85,28.8,87,67
37,43,40,36,43,282,0.017,0.75,28.9,87,67
37,43,40,36,43,214,0.000,1.00,28.9,86,66
37,43,40,36,43,98,0.017,1.60,28.3,81,66
37,43,40,36,43,38,0.000,1.46,27.6,82,66
37,43,40,36,43,5,0.017,0.69,27.0,85,66
37,43,40,36,43,0,0.000,0.55,26.5,88,66
37,43,40,36,43,0,0.000,0.47,26.1,91,66
37,43,40,36,43,0,0.017,0.60,26.2,89,66
37,43,40,36,43,0,0.000,0.70,25.4,93,66
37,43,40,36,43,0,0.000,0.56,24.8,98,67
37,43,40,36,43,0,0.017,0.53,24.4,100,67
37,43,40,36,43,0,0.000,0.73,24.6,99,67
37,43,40,36,43,0,0.017,0.90,24.8,100,67
37,43,40,36,43,0,0.000,1.00,25.0,99,66
37,43,44,36,43,0,0.000,2.87,25.1,96,67
37,43,43,36,43,0,0.000,3.50,25.3,96,67
37,43,42,36,43,3,0.000,4.14,26.1,94,67
37,44,46,36,43,21,0.000,2.58,25.3,98,67
37,44,46,36,43,33,0.000,1.63,25.2,100,67
37,44,46,36,43,49,0.000,1.75,24.6,100,67
37,44,44,36,43,85,0.000,1.64,25.2,100,67
37,44,43,36,43,94,0.000,1.93,25.7,99,67
37,44,43,36,43,90,0.000,2.93,26.2,91,67
37,44,42,36,43,76,0.000,2.74,26.0,89,67
37,44,42,36,43,109,0.017,2.38,25.8,90,67
37,44,42,36,43,153,0.000,2.80,26.2,88,67
37,44,41,36,43,131,0.000,2.64,26.1,88,67
37,44,41,36,43,37,0.017,2.20,25.8,88,67
37,44,41,36,43,12,0.000,2.35,25.6,89,67
37,44,41,36,43,0,0.000,2.05,25.2,90,67
37,44,41,36,43,0,0.017,1.34,24.7,91,67
37,44,40,36,43,0,0.000,1.32,23.7,96,67
37,44,40,36,43,0,0.000,1.14,23.3,98,67
37,44,40,36,43,0,0.017,0.75,23.0,99,67
37,44,40,36,43,0,0.000,0.60,22.5,99,66
37,44,40,36,43,0,0.000,0.80,22.1,99,66
37,44,40,36,43,0,0.017,0.82,21.8,100,66
37,44,40,36,43,0,0.000,0.76,21.1,100,66
37,44,40,36,43,0,0.000,0.93,21.1,100,66
37,44,40,36,43,0,0.017,0.96,21.3,100,66
37,44,40,36,43,10,0.000,1.06,21.5,100,66
37,44,40,36,43,65,0.000,1.09,22.0,100,66
37,43,40,36,43,195,0.017,1.03,23.0,100,66
37,43,40,36,43,326,0.000,0.98,24.5,99,66
37,43,40,36,43,344,0.017,1.13,25.9,93,66
37,43,40,36,43,366,0.000,0.94,26.2,89,66
37,43,40,36,43,535,0.000,0.87,27.5,84,66
37,43,40,36,43,412,0.017,0.92,27.8,81,66
37,43,40,36,43,397,0.000,0.97,28.4,77,66
37,43,40,36,43,179,0.000,0.79,28.1,81,66
37,43,40,36,43,114,0.017,0.88,27.4,85,66
37,43,40,36,43,48,0.000,1.04,26.5,86,66
37,43,40,36,43,7,0.000,0.61,25.5,92,66
37,43,40,36,43,0,0.017,0.47,24.7,97,66
37,43,40,36,43,0,0.000,0.46,24.4,99,65
37,43,40,36,43,0,0.000,0.48,24.1,100,65
37,43,40,36,43,0,0.017,0.48,23.9,100,65
37,43,40,36,43,0,0.000,0.50,23.8,100,65
37,43,40,36,43,0,0.000,0.81,23.8,100,65
37,43,40,36,43,0,0.017,0.93,23.7,99,65
37,43,40,36,43,0,0.000,0.99,23.6,100,65
37,43,40,36,43,0,0.000,1.11,23.4,100,65
37,43,40,36,43,0,0.017,1.13,23.1,100,65
37,43,40,36,43,0,0.000,1.13,22.8,100,65
37,43,40,36,43,11,0.000,1.18,22.9,100,65
37,43,40,36,43,72,0.017,1.36,23.4,100,65
37,43,40,36,43,211,0.000,1.32,25.0,100,65
37,43,40,36,43,334,0.000,0.99,26.7,95,65
37,43,40,36,43,275,0.017,0.92,27.3,90,65
37,43,40,37,43,504,0.000,0.99,28.5,87,65
37,43,40,37,43,419,0.000,0.89,29.4,83,65
37,43,40,37,43,375,0.017,0.85,29.0,84,65
37,43,40,37,43,206,0.000,1.23,29.2,81,65
37,43,40,37,43,113,0.000,0.64,28.5,86,65
37,43,40,37,43,84,0.017,1.23,27.2,89,65
37,43,40,37,43,54,0.000,0.58,26.5,94,65
37,43,40,37,43,5,0.000,0.49,25.9,97,65
37,43,40,37,43,0,0.017,0.54,25.4,100,65
37,43,40,37,43,0,0.000,0.87,26.0,96,65
37,43,40,37,43,0,0.000,0.70,26.1,94,65
37,43,40,36,43,0,0.017,0.65,25.3,98,65
37,43,40,36,43,0,0.000,0.46,24.8,100,65
37,43,40,36,43,0,0.000,0.49,24.3,100,64
37,43,40,36,43,0,0.017,0.65,23.5,99,64
37,43,40,36,43,0,0.000,0.81,24.0,100,64
37,43,40,36,43,0,0.000,0.92,23.7,100,64
37,43,40,36,43,0,0.000,1.14,23.3,100,64
37,43,40,36,43,0,0.017,1.09,23.3,100,64
37,43,40,36,43,28,0.000,1.07,23.0,100,64
37,43,40,36,43,167,0.000,1.35,24.8,100,64
37,43,40,37,43,324,0.017,1.21,26.4,98,64
37,43,40,37,43,519,0.000,0.96,27.6,90,64
37,43,40,37,43,640,0.017,1.39,28.4,82,64
37,43,40,37,43,412,0.000,1.11,28.4,77,64
37,43,40,37,43,383,0.000,0.92,28.3,77,64
37,43,40,37,43,398,0.000,0.94,28.3,76,64
37,43,40,37,43,525,0.017,1.10,28.9,74,64
37,43,40,37,43,471,0.000,1.25,29.3,70,64
37,43,40,37,43,318,0.000,1.25,29.0,70,64
37,43,40,37,43,89,0.000,1.33,27.9,77,64
37,43,42,37,43,12,0.017,0.77,26.3,86,64
37,43,42,37,43,0,0.000,0.47,24.8,94,64
37,43,42,37,43,0,0.000,0.47,24.1,97,64
37,43,42,37,43,0,0.000,0.41,23.5,99,64
37,43,42,37,43,0,0.017,0.46,23.4,100,64
37,43,42,37,43,0,0.000,0.50,23.4,100,64
37,43,42,37,43,0,0.000,0.47,23.2,100,64
37,43,42,37,43,0,0.017,0.48,22.9,99,63
37,43,42,37,43,0,0.000,0.60,23.0,100,63
37,43,42,37,43,0,0.000,0.75,22.8,100,63
37,43,42,37,43,0,0.000,0.94,22.4,100,63
37,43,43,37,43,0,0.017,1.02,22.4,100,63
37,43,43,37,43,12,0.000,1.12,22.6,100,63
37,43,43,37,43,37,0.000,1.03,23.0,100,63
37,43,43,37,43,182,0.000,1.08,23.4,100,63
37,43,43,37,43,455,0.017,1.19,25.6,98,63
37,43,43,37,43,588,0.000,1.10,28.1,85,63
37,43,43,37,43,360,0.000,0.78,27.8,85,63
37,43,43,37,43,422,0.000,1.24,28.3,82,63
37,43,43,37,43,309,0.017,1.13,28.6,81,63
37,43,43,37,43,198,0.000,0.80,28.4,83,63
37,43,43,37,43,501,0.000,1.23,29.1,82,63
37,43,43,37,43,267,0.000,1.19,28.6,82,63
37,43,43,37,43,64,0.017,1.05,27.3,84,63
37,43,43,37,43,6,0.000,0.63,26.2,91,63
37,43,43,37,43,0,0.000,0.78,25.3,95,63
37,43,43,37,43,0,0.000,0.48,24.5,99,63
37,47,47,37,43,0,0.017,0.41,23.4,100,64
37,44,45,37,43,0,0.000,0.34,22.7,100,64
37,44,44,37,43,0,0.000,0.36,22.1,100,64
37,44,44,37,43,0,0.000,0.45,21.5,100,64
37,44,44,37,43,0,0.017,0.36,21.2,99,64
37,44,44,37,43,0,0.000,0.39,21.0,100,64
37,44,44,37,43,0,0.000,0.45,20.9,100,64
37,44,44,37,43,0,0.017,0.50,20.9,100,64
37,44,43,37,43,0,0.000,0.63,20.8,100,64
37,44,43,37,43,4,0.000,0.66,20.8,100,64
37,44,43,37,44,24,0.000,0.71,20.9,100,64
37,44,43,37,44,51,0.017,0.62,21.2,98,64
37,44,43,37,43,60,0.000,0.65,21.3,97,64
37,44,43,37,43,75,0.000,0.63,21.0,97,64
37,44,43,37,43,100,0.017,0.57,20.6,95,64
37,44,43,37,43,119,0.000,0.57,20.4,95,64
37,44,43,37,43,106,0.000,0.57,20.1,93,64
37,44,43,37,43,87,0.000,0.57,19.7,93,64
37,44,43,37,43,72,0.017,0.46,19.7,93,64
37,44,43,37,43,43,0.000,0.49,19.5,94,64
37,44,43,37,43,24,0.000,0.50,19.1,96,64
37,44,43,37,43,6,0.000,0.39,18.9,98,64
37,44,43,37,43,0,0.017,1.61,19.0,98,64
37,44,43,36,43,0,0.000,0.52,19.1,96,64
37,44,43,36,43,0,0.000,0.57,19.1,94,64
37,44,43,37,43,0,0.000,0.38,19.1,92,64
37,44,43,37,43,0,0.017,0.44,19.3,92,64
37,44,43,37,43,0,0.000,0.50,19.3,92,64
37,44,43,37,43,0,0.000,0.48,19.3,92,64
37,44,43,37,43,0,0.000,0.31,19.2,93,64
37,44,43,36,43,0,0.017,0.38,18.9,94,64
37,44,43,36,43,0,0.000,0.47,18.6,93,64
37,44,43,36,43,0,0.000,0.59,17.9,96,64
37,44,43,36,43,17,0.000,0.71,17.5,99,64
37,44,43,36,43,181,0.017,0.56,19.4,98,64
37,44,43,37,43,393,0.000,0.56,22.3,86,64
37,44,43,37,43,581,0.000,0.57,23.6,77,64
37,43,42,37,43,727,0.000,0.93,24.5,73,64
37,43,42,37,43,778,0.017,1.25,25.1,70,64
37,43,42,37,43,847,0.000,1.37,25.8,69,64
37,43,42,37,43,667,0.000,0.62,26.2,67,64
37,43,42,37,43,616,0.000,0.78,26.7,64,64
37,43,42,37,43,532,0.017,0.68,27.0,62,64
37,43,42,37,43,342,0.000,0.65,27.5,61,63
37,43,42,37,43,58,0.000,0.32,25.9,67,63
37,44,42,37,43,11,0.000,0.28,23.3,82,63
37,44,42,37,43,0,0.000,0.23,20.8,91,63
37,44,42,37,43,0,0.017,0.18,19.5,95,63
37,44,42,37,43,0,0.000,0.18,18.6,98,63
37,44,42,37,43,0,0.000,0.17,18.0,99,63
37,44,42,37,43,0,0.000,0.13,17.5,100,63
37,44,42,37,43,0,0.017,0.16,17.0,100,63
37,44,42,37,43,0,0.000,0.18,16.5,99,63
37,44,42,37,43,0,0.017,0.14,16.1,100,63
37,44,42,37,43,0,0.000,0.16,15.8,100,63
37,44,42,37,43,0,0.017,0.16,15.4,100,63
37,44,42,37,43,0,0.000,0.19,15.2,100,63
37,44,42,37,43,43,0.017,0.27,15.2,100,63
37,44,42,37,43,218,0.000,0.66,17.1,100,63
37,43,42,37,43,397,0.000,0.85,20.0,98,63
37,43,42,37,43,578,0.017,0.57,23.6,83,63
37,43,42,37,43,717,0.000,0.83,25.5,70,62
37,43,42,37,43,800,0.017,1.30,26.4,66,62
37,43,42,37,43,826,0.000,1.20,27.3,66,62
37,43,42,37,43,812,0.000,1.39,28.4,65,62
37,43,42,37,43,679,0.000,1.49,29.1,64,61
37,43,42,37,43,470,0.000,1.25,29.3,63,61
37,43,42,37,43,203,0.017,0.76,27.8,68,61
37,43,42,37,43,51,0.000,0.51,25.9,74,61
37,44,42,37,43,7,0.000,0.44,24.5,76,61
37,44,42,37,43,0,0.000,0.33,22.7,86,61
37,44,42,37,43,0,0.000,0.25,21.9,93,61
37,44,42,37,43,0,0.017,0.25,21.8,95,61
37,44,42,37,43,0,0.000,0.27,21.6,97,60
37,44,42,37,43,0,0.000,0.24,21.2,98,60
37,44,42,37,43,0,0.000,0.26,20.6,100,60
37,44,42,37,43,0,0.017,0.26,20.2,99,60
37,44,42,37,43,0,0.000,0.28,20.1,100,60
37,44,42,37,43,0,0.000,0.36,20.1,100,60
37,44,42,37,43,0,0.000,0.36,20.2,100,60
37,44,42,37,43,0,0.000,0.45,20.5,100,60
37,44,42,37,43,13,0.017,0.51,20.8,100,60
37,44,42,37,43,113,0.000,0.73,21.8,100,60
37,43,42,37,43,331,0.000,1.11,25.0,93,60
37,43,42,37,43,430,0.000,0.76,26.9,82,59
37,43,42,37,43,320,0.017,0.80,26.4,80,59
37,43,42,37,43,517,0.000,0.92,27.1,79,59
37,43,42,37,43,522,0.000,1.10,27.6,77,58
37,43,42,37,43,734,0.000,1.28,28.8,71,58
102,43,40,38,43,617,0.000,1.09,29.5,67,65
101,43,40,37,43,334,0.000,0.98,29.2,71,67
37,43,42,37,43,204,0.017,1.04,28.1,73,66
37,43,42,37,43,85,0.000,1.07,27.4,75,66
37,43,42,37,43,5,0.000,0.36,25.8,82,65
37,44,42,37,43,0,0.000,0.41,24.4,88,65
37,44,42,37,43,0,0.000,0.69,24.0,89,65
37,44,42,37,43,0,0.000,0.38,23.7,91,65
37,44,41,37,43,0,0.017,0.38,23.5,92,65
37,44,42,37,43,0,0.000,0.35,23.1,95,65
37,44,42,37,43,0,0.000,0.34,22.7,97,65
37,44,42,37,43,0,0.000,0.40,22.2,99,65
37,44,42,37,43,0,0.000,0.35,22.1,100,65
37,44,42,37,43,0,0.017,0.26,21.6,100,64
37,44,42,37,43,0,0.000,0.23,21.0,97,64
37,44,42,37,43,0,0.000,0.25,20.4,97,64
37,44,42,37,43,18,0.000,0.21,19.4,100,64
37,44,42,37,43,125,0.000,0.33,19.9,100,64
37,43,42,37,43,312,0.000,0.41,22.6,88,64
37,43,41,37,43,459,0.000,0.65,23.9,79,64
99,43,40,37,43,678,0.017,1.36,24.9,76,65
99,43,40,37,43,767,0.000,1.04,26.3,72,66
98,43,40,37,43,809,0.000,1.33,27.0,69,67
97,43,40,37,43,773,0.000,1.60,27.5,66,67
94,43,40,37,43,571,0.000,1.26,28.1,65,67
96,43,40,37,43,318,0.000,1.02,27.5,67,67
82,44,48,37,43,178,0.000,0.83,26.8,72,67
57,43,43,37,43,58,0.000,0.56,26.0,76,68
83,44,47,37,43,7,0.000,0.36,24.0,86,69
84,44,47,37,43,0,0.000,0.26,22.7,92,69
85,44,47,37,43,0,0.000,0.18,21.4,96,70
85,44,47,37,43,0,0.000,0.21,20.3,99,70
86,44,47,37,43,0,0.000,0.25,19.3,99,70
86,44,47,37,43,0,0.017,0.22,18.5,100,70
86,44,48,37,43,0,0.000,0.19,17.6,100,70
88,44,52,36,43,0,0.000,0.21,17.0,99,70
88,44,51,36,43,0,0.000,0.28,16.2,100,71
88,44,49,36,43,0,0.000,0.48,16.3,99,71
90,45,48,36,43,0,0.000,0.30,15.5,100,70
93,44,51,36,43,0,0.000,0.27,15.0,100,70
93,44,52,36,43,38,0.000,0.27,14.6,100,70
92,44,51,36,43,216,0.000,0.56,17.0,99,70
92,44,47,37,43,394,0.000,0.48,21.1,78,70
92,44,47,37,43,578,0.000,0.48,23.5,67,70
92,44,47,37,43,720,0.000,0.55,25.2,62,70
92,44,47,37,43,808,0.000,0.79,25.9,59,70
93,44,45,37,43,833,0.000,0.68,26.5,57,70
93,44,45,37,43,785,0.000,0.74,26.9,57,70
93,44,45,37,43,687,0.000,0.82,27.4,56,70
93,44,48,37,43,527,0.000,0.63,27.6,55,70
93,44,49,37,43,335,0.000,0.42,27.8,54,70
93,44,48,37,43,76,0.000,0.26,27.0,56,70
92,44,48,37,43,6,0.000,0.23,22.2,76,70
75,44,43,37,43,0,0.000,0.53,19.4,87,70
75,44,42,36,43,0,0.000,0.21,18.1,91,70
75,44,42,36,43,0,0.000,0.22,17.1,95,70
74,44,42,36,43,0,0.000,0.33,16.3,96,70
73,44,42,36,43,0,0.000,0.27,15.8,98,70
71,44,42,36,43,0,0.000,0.29,15.3,99,69
70,44,41,36,43,0,0.000,0.28,14.9,99,69
69,44,41,36,43,0,0.000,0.25,14.6,100,69
69,44,41,36,43,0,0.017,0.27,14.4,100,69
67,44,41,36,43,0,0.000,0.20,15.0,100,69
68,44,41,36,43,0,0.000,0.22,15.2,100,69
68,44,41,36,43,9,0.000,0.23,15.4,100,69
69,44,41,36,43,76,0.000,0.27,16.0,100,69
69,43,41,36,43,250,0.000,0.57,17.5,100,69
68,43,41,37,43,515,0.000,0.63,21.2,87,69
68,43,40,37,43,658,0.000,0.94,23.8,73,69
51,43,40,37,43,795,0.000,0.91,26.4,64,69
51,43,40,37,43,836,0.000,0.66,28.7,50,69
50,43,40,37,43,805,0.000,0.60,30.1,40,69
51,43,40,37,43,760,0.000,0.32,30.3,37,69
52,43,40,37,43,24,0.000,0.32,24.7,56,69
54,43,40,37,43,6,0.000,0.24,21.3,70,69
54,43,40,37,43,0,0.000,0.30,18.5,81,69
55,43,40,37,43,0,0.000,0.30,17.1,88,69
54,43,40,36,43,0,0.000,0.34,16.2,92,70
54,43,40,36,43,0,0.000,0.47,15.5,95,70
55,43,40,36,43,0,0.000,0.33,15.2,96,70
55,44,40,36,43,0,0.000,0.28,14.8,98,70
55,43,40,36,44,0,0.000,0.27,14.4,99,70
55,44,40,36,44,0,0.000,0.27,14.2,100,70
55,44,40,36,43,0,0.000,0.22,14.1,100,70
55,44,40,36,44,0,0.000,0.19,14.0,100,70
55,44,40,36,43,0,0.000,0.17,14.7,100,70
55,43,40,36,44,29,0.000,0.22,15.5,100,70
56,43,40,36,44,189,0.000,0.47,17.6,99,70
56,43,40,37,43,367,0.000,0.57,20.8,86,70
56,43,40,37,43,565,0.000,1.04,22.5,74,70
56,43,40,37,43,676,0.000,99,23.3,64,70
56,43,40,37,43,583,0.000,95,23.3,63,70
56,43,40,37,43,559,0.000,103,23.8,62,70
56,43,40,37,43,752,0.000,117,24.8,58,70
56,43,39,37,43,698,0.000,106,25.1,56,70
56,43,39,37,43,515,0.000,106,25.6,56,70
64,43,39,37,43,311,0.000,119,25.7,52,70
52,43,39,37,43,83,0.000,116,24.5,52,70
52,43,39,37,43,5,0.000,336,20.2,58,70
52,43,39,37,43,0,0.000,351,17.7,77,70
52,43,39,36,43,0,0.000,37,16.4,87,70
51,43,39,36,43,0,0.000,19,15.6,93,70
51,43,39,36,43,0,0.000,28,15.0,96,70
51,43,39,36,43,0,0.000,10,14.5,98,70
50,43,39,36,43,0,0.000,42,14.0,99,70
49,43,39,36,43,0,0.000,17,14.0,100,70
50,43,39,36,43,0,0.000,40,13.4,99,70
49,43,39,36,43,0,0.000,29,13.0,100,70
48,43,39,36,44,0,0.000,16,12.7,100,70
48,43,39,36,43,0,0.000,58,13.3,100,70
48,43,39,36,44,7,0.000,356,13.9,100,70
48,43,39,36,44,44,0.000,145,14.6,100,70
48,43,39,36,43,183,0.000,194,16.4,100,70
48,43,39,37,43,521,0.000,113,19.7,100,70
47,43,39,37,43,779,0.000,107,23.0,91,69
46,43,39,37,43,847,0.000,94,24.2,66,70
38,43,39,37,43,606,0.000,76,24.1,59,69
38,43,39,37,43,573,0.000,93,23.9,60,69
38,43,39,37,43,430,0.000,106,24.1,62,69
38,43,39,37,43,311,0.000,98,24.1,63,69
38,43,39,37,43,134,0.000,78,23.4,63,69
38,43,40,37,43,44,0.000,79,22.5,63,69
38,43,40,37,43,4,0.000,65,21.6,64,69
38,43,40,37,43,0,0.000,48,20.8,65,69
38,43,40,37,43,0,0.000,351,19.7,68,69
38,43,40,37,43,0,0.000,288,18.8,72,69
38,43,40,37,43,0,0.000,296,18.5,77,68
37,43,40,37,43,0,0.000,48,18.6,78,68
37,43,40,37,43,0,0.000,65,19.2,78,68
37,43,40,37,43,0,0.000,76,19.6,77,68
37,43,40,37,43,0,0.000,306,18.1,76,68
37,43,40,37,43,0,0.000,80,17.6,90,68
37,43,40,37,43,0,0.000,236,17.5,96,68
37,43,40,37,43,0,0.000,71,17.5,99,68
37,43,40,36,43,4,0.000,189,17.5,100,68
37,43,40,37,43,20,0.000,138,17.6,100,68
37,43,41,36,43,48,0.000,102,17.7,100,68
37,43,40,37,43,88,0.000,67,17.8,100,69
37,44,41,37,43,92,0.000,56,18.2,100,68
37,43,40,36,43,139,0.000,29,18.4,100,68
37,43,40,36,43,77,0.000,29,18.5,100,69
37,48,46,36,43,37,0.000,4,18.1,100,69
38,56,59,36,43,26,0.000,80,17.7,100,70
43,58,57,36,43,16,0.000,163,17.2,100,70
42,54,53,36,43,15,0.000,99,17.1,100,70
41,50,51,36,43,7,0.000,238,16.8,100,70
45,62,58,36,43,0,0.000,259,16.7,100,71
55,64,56,36,43,0,0.000,240,16.6,100,71
54,65,57,36,44,0,0.000,259,16.5,100,71
46,59,52,36,44,0,0.000,264,16.6,100,70
51,62,52,36,44,0,0.017,259,16.6,100,71
42,57,47,36,44,0,0.000,260,16.7,100,70
40,51,44,36,44,0,0.000,262,16.6,100,70
40,51,45,36,44,0,0.000,257,16.5,100,70
40,50,44,36,44,0,0.000,253,16.4,99,70
40,51,44,36,44,0,0.000,251,16.3,100,70
40,53,46,36,44,0,0.017,250,16.4,100,70
48,62,52,36,44,0,0.000,262,16.4,100,70
54,64,54,36,44,3,0.000,262,16.5,100,71
81,76,67,30,50,16,0.000,265,16.5,100,71
58,67,51,34,44,25,0.000,276,16.7,100,71
51,63,49,34,44,62,0.000,280,16.9,100,71
47,62,47,34,44,79,0.017,291,17.2,100,71
53,64,48,34,44,92,0.000,293,17.2,100,70
41,60,45,35,44,100,0.000,305,17.4,100,71
41,60,45,35,44,68,0.017,299,17.4,100,70
40,58,45,35,44,50,0.000,305,17.5,100,70
40,56,45,35,44,31,0.000,304,17.3,100,71
49,64,48,35,44,12,0.000,308,17.0,100,71
59,66,50,34,44,3,0.017,319,16.7,100,71
60,68,50,34,46,0,0.000,304,16.3,100,71
52,64,47,34,45,0,0.000,309,16.4,100,71
41,52,44,35,44,0,0.000,316,17.3,100,70
41,47,42,35,44,0,0.017,314,18.5,99,70
41,46,41,35,44,0,0.000,337,19.5,94,70
41,45,41,35,44,0,0.000,293,19.8,84,69
41,45,41,35,44,0,0.017,264,19.7,80,69
41,45,41,35,44,0,0.000,260,19.6,79,69
41,45,41,36,44,0,0.000,251,18.9,77,69
41,45,41,36,44,0,0.000,253,17.3,80,69
41,45,41,36,44,0,0.017,240,16.7,92,69
41,45,41,36,44,0,0.000,245,16.6,98,69
41,45,40,36,44,10,0.000,224,16.5,99,68
40,45,40,36,44,69,0.000,212,17.2,100,68
40,45,40,36,44,142,0.000,201,18.3,100,68
40,45,40,36,44,133,0.017,178,19.0,99,68
40,45,40,36,44,172,0.000,177,18.7,93,68
40,45,40,36,44,201,0.000,218,19.0,94,68
40,45,40,36,44,212,0.000,253,18.5,94,68
40,45,40,36,44,101,0.000,245,18.6,96,68
40,45,40,36,44,96,0.000,216,18.3,97,68
40,45,40,36,44,87,0.000,158,18.5,98,68
40,45,40,36,44,54,0.017,206,18.8,98,68
40,45,40,36,44,25,0.000,216,18.7,96,68
40,45,40,36,44,3,0.000,221,18.5,96,68
40,45,40,36,44,0,0.000,229,18.2,98,68
40,45,40,36,44,0,0.000,240,18.0,100,68
40,45,40,36,44,0,0.000,246,17.8,100,68
40,45,40,36,44,0,0.000,251,17.1,100,67
40,45,40,36,44,0,0.000,242,17.0,100,67
40,45,40,36,44,0,0.000,247,16.9,100,67
40,45,40,36,44,0,0.000,242,16.7,100,67
40,45,40,36,44,0,0.000,233,16.7,99,67
40,45,40,36,44,0,0.000,247,16.1,100,67
40,45,40,36,44,0,0.017,244,16.0,100,67
40,45,40,36,44,0,0.000,249,15.7,100,67
40,45,40,36,44,8,0.000,256,15.1,100,67
40,45,40,36,44,66,0.000,263,14.9,100,67
40,45,40,36,44,336,0.000,217,16.3,100,67
40,45,40,36,44,586,0.000,197,18.7,100,67
40,45,40,36,44,699,0.000,165,20.7,94,67
40,44,40,36,44,782,0.000,120,22.2,80,67
40,44,40,36,44,828,0.000,112,23.4,70,67
40,44,40,36,44,786,0.000,117,24.3,62,66
40,44,40,36,44,573,0.000,108,24.8,57,66
40,44,40,36,44,389,0.017,114,24.4,53,66
40,44,40,36,44,244,0.034,171,24.1,51,66
40,44,40,36,44,76,0.017,268,21.5,56,66
40,45,40,36,44,6,0.017,6,18.4,72,66
40,45,40,36,44,0,0.000,2,16.1,83,66
40,45,40,36,44,0,0.017,351,15.0,91,66
40,44,40,36,44,0,0.000,4,14.1,95,66
40,44,40,36,44,0,0.017,13,13.4,98,66
40,44,40,36,44,0,0.000,353,12.8,99,66
40,44,40,36,44,0,0.000,18,12.4,100,66
40,44,40,36,44,0,0.000,22,11.9,100,66
40,44,40,36,44,0,0.017,24,11.6,99,66
40,44,40,36,44,0,0.000,27,11.1,100,65
40,44,40,36,44,0,0.000,12,10.9,100,65
40,44,40,36,44,0,0.000,19,10.9,100,65
40,44,40,36,44,30,0.000,77,10.8,100,65
40,44,40,36,44,195,0.017,208,12.5,100,65
40,44,40,36,44,321,0.000,189,15.5,100,65
40,44,39,36,44,472,0.000,144,19.0,100,65
40,44,39,36,44,634,0.017,119,21.4,91,65
40,44,39,36,44,700,0.000,109,22.6,76,65
40,44,39,36,44,631,0.000,107,23.5,69,65
40,44,39,36,44,461,0.000,106,23.6,665,65
40,44,39,36,44,373,0.000,110,23.5,61,65
40,44,39,36,44,300,0.017,126,23.3,59,65
40,44,39,36,44,165,0.000,121,22.9,59,65
40,44,39,36,44,40,0.000,239,21.3,65,65
40,44,40,36,44,3,0.000,356,19.0,80,65
40,44,40,36,44,0,0.000,351,17.4,88,65
40,44,40,36,44,0,0.017,39,16.7,93,64
40,44,40,36,44,0,0.000,40,15.8,97,64
40,44,40,36,44,0,0.000,55,15.1,99,64
40,44,40,36,44,0,0.000,40,14.6,99,64
40,44,40,36,44,0,0.000,45,14.4,100,64
40,44,40,36,44,0,0.000,82,14.6,100,64
40,44,40,36,44,0,0.000,77,14.8,99,64
40,44,40,36,44,0,0.017,78,14.6,100,64
40,44,40,36,44,0,0.000,81,14.5,100,64
40,44,40,36,44,0,0.000,238,14.5,100,64
40,44,40,36,44,20,0.000,222,14.3,100,64
40,44,40,36,44,127,0.000,191,15.8,100,64
40,44,39,36,44,347,0.000,217,19.5,100,64
40,43,39,36,44,529,0.017,185,22.9,97,64
40,43,39,36,44,363,0.000,116,24.7,82,64
40,43,39,36,44,244,0.000,115,25.6,73,64
40,43,39,36,44,351,0.000,109,26.1,69,64
40,43,39,37,43,543,0.000,113,26.4,97,64
40,43,39,37,43,416,0.000,124,27.0,96,64
40,43,39,37,43,220,0.000,123,26.5,63,64
40,43,39,37,43,93,0.000,134,26.0,65,64
40,43,39,37,43,16,0.000,168,23.9,68,64
40,44,39,36,44,1,0.000,174,22.4,81,64
40,44,39,36,44,0,0.017,157,20.8,90,64
40,44,39,36,44,0,0.000,149,19.4,94,64
40,44,39,36,44,0,0.000,174,18.7,97,64
40,44,39,36,44,0,0.000,221,18.0,98,64
40,44,39,36,44,0,0.000,144,17.6,100,64
40,44,39,36,44,0,0.000,137,17.7,100,64
40,44,39,36,44,0,0.000,197,17.5,100,64
40,44,39,36,44,0,0.000,185,17.6,99,64
40,44,39,36,44,0,0.017,207,17.9,100,63
40,44,39,36,44,0,0.000,224,18.0,100,63
40,44,39,36,44,0,0.000,231,18.0,100,63
40,44,39,36,44,4,0.000,225,17.8,100,63
40,44,39,36,44,43,0.000,223,19.1,100,63
40,44,39,36,44,69,0.000,239,22.1,100,63
40,43,39,36,44,108,0.017,212,23.1,92,63
40,43,39,37,44,146,0.000,118,24.3,84,63
40,43,39,37,44,189,0.000,115,24.5,77,63
40,43,39,37,44,172,0.000,134,25.1,74,63
40,43,39,37,44,254,0.000,127,25.1,72,63
40,43,39,37,44,147,0.000,116,25.2,74,63
40,43,39,37,44,60,0.000,119,24.4,75,63
40,43,39,37,44,36,0.000,116,24.2,82,63
40,43,39,37,44,12,0.017,165,23.0,83,63
40,44,39,36,44,0,0.000,178,21.9,90,63
40,44,39,36,44,0,0.000,183,21.3,97,63
40,44,39,36,44,0,0.000,231,21.2,100,63
40,44,39,36,44,0,0.000,187,21.1,100,63
40,44,39,36,44,0,0.000,219,21.1,100,63
40,44,39,36,44,0,0.000,199,21.0,100,64
40,44,39,36,44,0,0.000,218,20.8,100,64
40,44,39,36,44,0,0.000,214,20.7,100,64
40,44,39,36,44,0,0.017,242,20.8,99,64
40,44,39,36,44,0,0.000,238,20.9,100,64
40,44,39,36,44,0,0.000,239,20.9,100,64
40,44,39,36,44,0,0.000,230,20.8,100,64
40,44,39,36,44,0,0.000,233,20.9,100,64
40,44,39,36,44,4,0.000,236,20.9,100,64
40,44,39,36,44,15,0.017,234,21.3,100,64
40,44,39,36,44,44,0.000,234,21.9,100,64
40,44,39,36,44,68,0.000,236,22.9,100,64
40,43,39,36,44,114,0.000,212,24.2,100,64
40,43,39,36,44,121,0.000,195,25.2,98,64
40,43,39,36,44,96,0.000,194,25.8,92,64
40,43,39,36,44,67,0.017,144,25.7,86,64
40,43,39,37,44,97,0.000,211,26.1,87,64
40,43,39,37,44,100,0.000,235,25.7,88,64
40,43,39,36,44,9,0.000,206,24.5,89,64
40,43,39,36,44,1,0.000,187,23.3,91,64
40,43,39,36,44,0,0.000,168,22.7,96,64
40,43,39,36,44,0,0.000,164,22.6,99,64
40,43,39,36,44,0,0.000,165,22.5,100,64
40,43,39,36,44,0,0.017,216,22.0,100,64
40,43,39,36,44,0,0.000,199,21.7,100,64
40,43,39,36,44,0,0.000,229,21.5,100,64
40,43,39,36,44,0,0.000,230,21.4,100,64
40,43,39,36,44,0,0.000,229,21.3,99,64
40,43,39,36,44,0,0.000,225,21.3,100,64
40,44,39,36,44,0,0.000,228,21.0,100,64
40,43,39,36,44,0,0.000,226,21.3,100,64
40,43,39,36,44,2,0.017,225,21.4,100,64
40,43,39,36,44,24,0.000,223,21.8,100,64
40,43,39,36,44,59,0.000,215,23.0,100,64
40,43,39,37,44,98,0.000,195,24.8,100,64
40,43,39,37,44,161,0.000,166,26.7,96,64
40,43,39,37,44,168,0.000,196,28.0,87,64
40,43,39,37,43,276,0.000,150,28.5,79,64
40,43,39,37,43,206,0.000,170,28.4,75,64
40,43,39,37,43,315,0.000,127,28.8,71,64
40,43,39,37,43,204,0.000,220,28.4,73,64
40,43,39,37,43,226,0.000,241,27.6,76,64
40,43,39,37,43,57,0.000,186,26.3,77,64
40,43,39,37,43,1,0.000,156,24.2,84,64
40,43,39,36,43,0,0.017,155,23.0,91,64
40,43,39,36,44,0,0.000,160,21.8,95,63
40,43,39,36,44,0,0.000,152,21.1,99,63
40,43,39,36,44,0,0.000,163,20.7,100,63
40,43,39,36,44,0,0.000,150,20.7,100,63
40,43,39,36,44,0,0.000,197,21.0,100,63
40,43,39,36,44,0,0.000,189,21.0,100,63
40,43,39,36,44,0,0.000,188,20.8,99,63
40,43,39,36,44,0,0.000,198,20.7,100,63
40,43,39,36,44,0,0.000,195,20.5,100,63
40,43,39,36,44,0,0.000,219,20.4,100,63
40,43,39,36,44,2,0.000,224,20.2,100,63
40,43,39,36,44,17,0.000,227,20.9,100,63
40,43,39,36,44,46,0.000,220,22.0,100,63
40,43,39,37,44,78,0.000,184,23.7,98,63
40,43,39,37,44,102,0.017,199,24.8,89,63
40,43,39,37,44,108,0.000,203,25.9,81,63
40,43,39,37,44,127,0.000,167,25.8,77,63
40,43,39,37,44,80,0.000,233,25.2,80,63
40,43,39,37,44,229,0.000,190,25.7,88,63
40,43,39,37,43,269,0.000,164,26.9,90,63
40,42,39,37,43,263,0.000,192,27.4,82,63
40,43,39,37,43,70,0.000,231,26.2,78,63
40,43,39,37,43,1,0.017,217,24.4,83,63
40,43,39,37,43,0,0.000,125,23.2,90,63
40,43,39,37,44,0,0.000,134,23.0,96,63
40,43,39,37,44,0,0.000,128,23.1,98,63
40,43,39,37,44,0,0.017,156,23.1,99,63
40,43,39,37,44,0,0.000,181,23.0,100,63
40,43,39,37,44,0,0.017,181,22.6,100,63
40,43,39,36,44,0,0.000,166,22.2,100,63
40,43,39,37,44,0,0.000,202,22.3,99,62
40,43,39,37,44,0,0.017,189,22.3,100,63
40,43,39,36,44,0,0.000,191,22.1,100,62
40,43,39,37,44,0,0.000,224,22.0,100,62
40,43,39,36,44,0,0.017,228,21.8,100,63
40,43,39,36,44,0,0.068,229,21.7,100,62
40,43,39,36,44,0,0.051,228,21.6,100,63
40,43,39,36,44,4,0.034,224,21.6,100,63
40,43,39,36,44,14,0.017,229,22.0,100,64
40,43,39,36,44,48,0.017,222,22.6,100,64
40,43,39,36,44,42,0.017,222,23.3,100,64
40,43,39,36,44,17,0.017,234,22.7,100,65
40,43,39,36,44,12,0.017,238,22.1,100,65
40,43,39,36,44,11,0.017,228,21.6,100,65
40,43,39,36,44,6,0.017,228,21.3,100,65
40,43,39,36,44,3,0.034,212,21.1,100,65
40,42,39,36,44,0,0.017,223,20.7,100,65
40,42,39,36,44,0,0.017,236,20.1,100,65
40,42,39,36,44,0,0.017,241,19.9,100,65
40,42,39,36,44,0,0.017,239,19.7,100,65
40,42,39,36,44,0,0.017,236,19.8,100,65
40,42,39,36,44,0,0.017,240,19.8,100,65
40,42,39,36,44,0,0.017,231,19.8,100,65
40,42,39,36,44,0,0.000,232,19.8,100,65
40,42,39,36,44,0,0.017,237,19.8,100,65
40,42,39,36,44,0,0.034,241,19.7,100,65
40,42,39,36,44,0,0.034,239,19.5,100,65
40,42,39,36,44,0,0.034,237,19.2,100,65
40,42,39,36,44,0,0.034,232,19.2,100,66
40,43,39,36,44,0,0.034,238,19.3,100,66
40,48,40,36,44,1,0.034,231,19.3,100,66
40,55,41,36,44,1,0.034,233,19.6,100,66
77,82,57,36,44,1,0.017,238,19.7,100,69
84,84,60,36,46,0,0.034,235,20.0,100,70
92,80,66,31,57,1,0.034,229,20.2,100,71
108,102,78,19,70,8,0.017,235,20.7,100,71
88,82,55,22,66,10,0.034,239,21.1,100,71
59,67,51,29,54,4,0.017,240,21.0,100,71
132,124,74,1,109,1,0.017,232,21.2,100,71
117,106,64,1,103,0,0.017,234,21.4,100,71
86,75,52,8,91,0,0.017,212,21.9,100,71
71,71,48,15,74,0,0.017,209,22.4,100,71
42,56,45,25,54,0,0.017,141,22.8,100,70
46,58,46,23,57,0,0.000,226,22.8,100,71
40,54,45,26,48,0,0.017,232,22.6,100,70
40,44,44,34,44,0,0.000,148,23.0,100,70
40,44,44,34,44,0,0.017,243,22.9,100,70
40,43,44,35,44,0,0.017,251,23.3,100,70
40,43,43,35,44,0,0.017,240,23.6,100,70
40,43,43,35,44,0,0.017,234,23.3,100,70
40,43,43,35,44,0,0.017,220,22.8,100,69
40,43,43,35,44,0,0.000,224,22.5,100,69
40,42,43,35,44,13,0.017,249,22.5,100,69
39,42,42,35,44,158,0.017,243,22.8,98,69
39,42,42,35,44,199,0.000,243,23.6,93,69
39,42,42,35,44,458,0.017,245,24.8,8,69
39,42,42,36,44,635,0.017,226,26.8,83,69
39,42,42,36,44,684,0.017,242,27.4,75,68
39,42,42,36,44,640,0.017,250,27.0,71,68
39,42,42,36,43,773,0.000,247,28.0,69,68
39,42,42,36,43,392,0.017,245,26.9,64,68
39,42,42,36,43,299,0.017,243,27.0,67,68
39,42,42,36,43,160,0.000,225,26.4,67,68
39,42,42,36,43,31,0.017,190,24.1,69,68
39,42,42,36,43,1,0.000,121,22.1,81,68
39,42,42,36,43,0,0.017,123,20.4,89,68
39,42,42,36,43,0,0.000,133,19.6,96,68
39,42,42,36,43,0,0.017,146,18.9,99,68
39,42,42,36,43,0,0.000,160,18.4,100,68
39,42,42,36,44,0,0.017,148,18.0,100,68
39,42,42,36,44,0,0.000,203,17.6,100,68
39,42,42,36,44,0,0.000,163,17.2,100,68
39,42,42,36,44,0,0.017,186,16.8,99,68
40,42,42,36,44,0,0.000,191,16.5,100,67
40,42,42,36,44,0,0.017,189,16.1,100,67
40,42,42,36,44,0,0.000,190,15.9,100,67
40,42,42,36,44,10,0.017,182,15.9,100,67
39,42,42,36,44,149,0.000,198,16.9,100,67
39,42,42,36,44,336,0.017,217,19.7,100,67
39,41,42,36,44,500,0.000,199,23.2,100,67
39,41,42,36,44,636,0.017,144,25.6,92,67
39,41,41,36,44,718,0.017,117,26.7,76,67
39,41,41,36,43,738,0.000,114,27.1,67,67
39,41,41,36,43,690,0.017,125,27.1,64,67
39,41,41,36,43,542,0.000,216,26.6,65,67
39,41,41,36,43,410,0.017,205,26.2,72,67
39,41,41,36,43,216,0.017,238,25.3,72,67
39,42,42,36,44,35,0.000,193,23.1,71,67
39,42,42,36,44,1,0.000,111,20.9,75,67
39,42,42,36,44,0,0.017,122,19.6,87,67
39,42,42,36,44,0,0.000,116,19.3,94,67
39,42,42,36,44,0,0.017,116,19.7,97,67
39,42,42,36,44,0,0.000,114,20.2,99,67
39,42,42,36,44,0,0.017,112,20.3,99,67
39,42,42,36,44,0,0.000,139,20.1,100,67
39,42,42,36,44,0,0.017,162,20.1,100,67
39,42,42,36,44,0,0.000,140,19.9,99,67
39,42,42,36,44,0,0.017,190,19.4,100,67
39,42,42,36,44,0,0.000,200,18.9,100,66
39,42,42,36,44,0,0.017,208,18.4,100,66
39,42,42,36,44,11,0.000,211,18.0,100,66
39,42,42,36,44,119,0.000,215,18.8,100,66
39,42,42,36,44,258,0.017,214,21.3,100,66
39,41,41,36,44,383,0.017,214,23.5,99,66
39,41,42,36,44,339,0.000,183,23.7,88,66
39,41,41,36,44,432,0.017,140,24.3,84,66
39,41,41,36,44,355,0.000,139,24.3,78,66
39,41,41,36,44,347,0.017,156,24.9,76,66
39,41,41,36,44,339,0.017,137,25.3,74,66
39,41,41,36,44,295,0.000,127,25.1,72,66
39,41,41,36,44,165,0.000,146,25.2,71,66
39,42,42,36,44,43,0.017,142,23.5,72,66
39,42,42,36,44,1,0.000,270,20.6,79,66
39,42,42,36,44,0,0.017,206,19.6,91,66
39,42,42,36,44,0,0.000,185,19.3,93,66
39,42,42,36,44,0,0.000,133,19.2,95,66
39,42,42,36,44,0,0.017,138,19.1,97,66
39,42,42,36,44,0,0.000,142,19.3,91,66
39,42,42,36,44,0,0.000,103,19.2,89,66
39,42,42,36,44,0,0.017,80,18.8,89,66
39,42,42,36,44,0,0.000,32,18.3,85,65
39,42,42,36,44,0,0.000,34,18.0,85,65
39,42,42,36,44,0,0.017,46,17.6,84,65
39,42,42,36,44,0,0.000,41,17.3,84,65
39,42,42,36,44,7,0.000,31,17.1,83,65
39,42,42,36,44,105,0.017,40,17.3,83,65
39,42,42,36,44,230,0.000,80,18.6,84,65
39,41,42,36,44,324,0.017,77,18.7,82,65
39,41,41,36,44,474,0.000,87,19.9,77,65
39,41,41,36,44,497,0.000,93,19.9,72,65
39,41,41,36,44,553,0.017,100,21.0,70,65
39,41,41,36,44,638,0.000,105,21.6,66,65
39,41,41,36,44,388,0.000,91,21.7,63,65
39,41,41,36,44,298,0.017,95,21.7,63,65
39,41,42,36,44,126,0.000,87,21.0,64,65
39,42,42,36,44,39,0.000,332,19.3,67,65
39,42,42,36,44,1,0.000,319,17.1,77,65
39,42,42,36,44,0,0.017,30,15.6,87,65
39,42,42,36,44,0,0.000,352,14.5,93,64
39,42,42,36,44,0,0.000,18,14.0,96,64
39,42,42,36,44,0,0.000,32,13.6,98,64
39,42,42,36,44,0,0.017,51,13.9,99,64
39,42,42,36,44,0,0.000,28,14.3,100,64
39,42,42,36,44,0,0.000,7,14.4,100,64
39,42,42,36,44,0,0.000,355,14.5,99,64
39,42,42,36,44,0,0.017,310,14.6,100,64
39,42,42,36,44,0,0.000,329,14.6,98,64
39,42,42,36,44,0,0.000,299,14.6,98,64
39,42,42,36,44,2,0.017,293,14.7,100,64
39,42,42,36,44,12,0.000,301,14.6,100,64
39,42,42,36,44,74,0.000,290,14.9,99,64
39,42,42,36,44,95,0.017,37,15.5,100,64
39,42,42,36,44,181,0.000,85,16.1,100,64
39,42,42,36,44,236,0.000,247,17.2,100,64
39,42,42,36,44,68,0.017,56,17.6,97,64
39,42,42,36,44,45,0.000,62,16.9,90,64
39,42,42,36,44,36,0.017,266,16.3,95,64
39,42,42,36,44,24,0.000,237,16.1,98,64
39,42,42,36,44,14,0.017,244,16.0,100,65
39,42,42,36,44,3,0.000,202,16.0,100,65
39,42,42,36,44,0,0.017,109,16.1,100,65
39,42,42,36,44,0,0.000,251,16.2,100,65
39,42,42,36,44,0,0.017,216,16.3,100,65
39,42,42,36,44,0,0.017,258,15.6,100,65
39,42,42,36,44,0,0.000,187,15.4,100,65
39,42,42,36,44,0,0.017,229,15.3,100,65
39,42,42,36,44,0,0.000,233,14.9,100,64
39,42,42,36,44,0,0.017,211,14.8,100,64
39,42,42,36,44,0,0.017,203,15.0,100,64
39,42,42,36,44,0,0.000,212,15.1,100,64
39,42,42,36,44,0,0.017,226,15.0,100,64
39,42,42,36,44,0,0.000,241,15.0,100,64
39,42,42,36,44,5,0.017,235,14.7,100,64
39,42,42,36,44,45,0.000,241,14.8,100,64
39,42,42,36,44,129,0.017,221,15.3,100,64
39,42,41,36,44,330,0.000,236,16.9,100,64
39,41,41,36,44,558,0.017,161,18.9,100,64
39,41,41,36,44,697,0.017,113,20.2,90,64
39,41,41,36,44,624,0.017,203,21.7,77,64
39,41,41,36,44,619,0.000,165,22.4,66,64
39,41,41,36,44,610,0.017,199,23.7,61,64
39,41,41,36,44,380,0.017,222,23.8,54,64
39,41,41,36,44,229,0.000,225,22.9,51,64
39,42,41,36,44,52,0.017,283,19.5,54,64
39,42,42,36,44,1,0.000,19,15.6,71,64
39,42,42,36,44,0,0.017,329,13.4,86,64
39,42,42,36,44,0,0.000,15,12.6,92,64
39,42,42,36,44,0,0.017,352,10.6,90,64
39,42,42,36,44,0,0.000,350,9.5,94,64
39,42,42,35,44,0,0.000,7,8.6,97,64
39,42,42,35,44,0,0.017,326,7.9,98,63
40,42,42,35,44,0,0.000,355,7.4,98,63
39,41,41,36,44,523,0.000,237,14.4,95,63
39,41,41,36,44,662,0.017,139,17.2,72,63
39,41,41,36,44,746,0.017,152,19.1,56,63
39,41,41,36,44,770,0.000,103,20.8,47,63
39,41,41,36,44,724,0.017,113,21.7,39,63
39,41,41,36,44,573,0.000,126,21.7,35,63
39,41,41,36,44,445,0.017,119,22.0,33,63
39,41,41,36,44,249,0.000,190,21.5,32,63
39,42,42,36,44,54,0.017,318,17.9,40,63
39,42,42,36,44,0,0.000,351,13.3,61,63
39,42,42,36,44,0,0.000,23,11.0,79,63
39,42,42,36,44,0,0.000,6,10.1,88,63
39,42,42,36,44,0,0.017,5,9.2,93,63
39,42,42,36,44,0,0.000,20,8.6,96,63
39,42,42,36,44,0,0.000,19,7.9,98,63
39,42,42,36,44,0,0.000,2,7.5,99,63
39,42,42,35,44,0,0.017,3,7.0,100,62
39,42,42,35,44,0,0.000,16,6.6,99,62
39,42,42,35,44,0,0.017,17,6.4,100,62
39,42,42,35,44,0,0.017,15,6.2,100,62
39,42,42,35,44,0,0.017,27,6.4,100,62
39,42,42,35,44,6,0.017,19,6.3,100,62
39,42,42,35,44,162,0.017,238,7.2,100,62
39,42,42,36,44,334,0.017,213,11.0,100,62
39,41,41,36,44,491,0.017,178,15.1,100,62
39,41,41,36,44,601,0.034,131,18.7,88,62
39,41,41,36,44,705,0.034,110,20.9,64,62
39,41,41,36,44,727,0.034,168,22.3,55,62
39,41,41,36,44,680,0.017,138,23.0,48,62
39,41,41,36,44,567,0.034,181,23.8,45,62
39,41,41,36,44,405,0.017,114,23.5,44,62
39,41,41,36,44,215,0.017,212,23.3,45,62
39,42,42,36,44,0,0.017,10,14.7,82,61
39,42,42,36,44,0,0.000,16,13.7,90,61
39,42,42,36,44,0,0.017,0,13.2,84,61
39,42,42,36,44,0,0.017,46,13.1,96,61
39,42,42,36,44,0,0.000,69,13.8,98,61
39,42,42,36,44,0,0.017,56,14.3,99,61
39,42,42,36,44,0,0.017,2,14.3,99,61
39,42,42,36,44,0,0.000,18,13.0,99,61
39,42,42,36,44,0,0.017,18,12.2,100,61
39,42,42,36,44,0,0.000,3,11.7,100,61
39,42,42,36,44,0,0.017,356,11.4,100,61
39,42,42,36,44,5,0.000,18,11.2,100,61
39,42,42,36,44,125,0.017,219,12.4,100,60
39,41,41,36,44,307,0.000,199,15.7,100,60
39,41,41,36,44,479,0.017,142,19.4,95,60
39,41,41,36,44,616,0.017,135,22.1,76,60
39,41,41,36,44,698,0.034,110,23.9,61,60
39,41,41,36,44,719,0.017,108,24.9,49,60
39,41,41,36,44,674,0.034,118,25.9,40,60
39,41,41,36,43,572,0.017,113,26.2,36,59
39,41,41,37,43,414,0.017,117,26.1,33,59
39,41,41,36,43,225,0.017,124,25.7,34,59
39,41,41,36,43,63,0.017,189,23.4,38,59
39,42,42,36,44,0,0.017,317,15.3,86,58
39,42,42,36,44,0,0.017,292,16.0,87,58
39,42,42,36,44,0,0.000,308,16.8,83,58
39,42,42,36,44,0,0.017,30,17.6,78,57
39,42,42,36,44,0,0.017,61,17.4,74,57
39,42,42,36,44,0,0.000,38,16.8,74,57
39,42,42,36,44,0,0.017,315,16.7,75,57
39,42,42,36,44,0,0.017,307,16.9,76,57
39,42,42,36,44,0,0.000,34,16.8,76,57
39,42,42,36,44,0,0.017,286,16.7,76,56
39,42,42,36,44,5,0.000,15,16.4,77,56
39,41,41,36,44,115,0.017,108,18.0,79,56
39,41,41,36,44,288,0.017,44,20.1,76,56
39,41,41,36,44,435,0.017,75,21.7,68,56
39,41,41,36,44,568,0.000,97,22.8,61,56
39,41,41,36,44,663,0.017,73,23.5,55,55
39,41,41,36,44,704,0.017,102,24.4,51,55
39,41,41,36,44,665,0.017,97,24.9,47,55
39,41,41,36,43,557,0.017,88,24.9,44,54
39,41,41,37,44,395,0.000,95,24.6,43,52
39,41,41,36,43,208,0.017,69,23.9,44,49
39,41,41,36,44,44,0.017,76,22.3,43,47
39,41,41,36,44,0,0.000,2,20.1,46,45
39,42,42,36,44,0,0.017,351,17.5,51,44
39,42,42,36,44,0,0.000,30,16.1,63,43
39,42,42,36,44,0,0.017,12,17.1,70,42
39,42,42,36,44,0,0.000,343,16.6,62,42
39,42,42,36,44,0,0.000,46,16.1,62,41
39,42,42,36,44,0,0.017,28,15.7,63,40
39,42,42,36,44,0,0.000,26,14.8,63,39
39,42,42,36,44,0,0.017,20,13.8,66,39
39,42,42,36,44,0,0.000,357,13.9,70,38
39,42,42,36,44,0,0.000,319,14.2,69,37
39,42,42,36,44,0,0.017,345,13.6,68,37
39,42,42,36,44,6,0.000,356,13.1,70,36
39,41,42,36,44,123,0.017,11,14.7,72,36
39,41,41,36,44,306,0.000,43,17.6,71,35
39,41,41,36,44,471,0.017,20,19.3,64,34
39,41,41,36,44,620,0.000,87,20.4,58,33
39,41,41,36,44,698,0.017,87,21.3,54,32
39,41,41,36,44,708,0.017,95,22.1,52,31
39,41,41,36,44,657,0.000,99,22.7,50,30
39,41,41,36,44,531,0.017,93,22.7,50,28
39,41,41,36,44,360,0.000,76,22.7,50,27
39,41,41,36,44,196,0.017,87,22.2,51,27
39,41,41,36,44,41,0.000,50,20.3,51,25
39,42,42,36,44,0,0.017,5,16.3,55,24
39,42,42,36,44,0,0.000,1,13.6,72,23
39,42,42,36,44,0,0.000,5,12.4,85,22
39,42,42,36,44,0,0.017,26,11.8,91,22
39,42,42,36,44,0,0.000,9,11.1,94,21
39,42,42,36,44,0,0.000,13,10.5,96,20
39,41,41,36,44,464,0.017,175,15.9,99,16
39,41,41,36,44,603,0.000,154,18.6,90,15
39,41,41,36,44,683,0.017,150,20.7,69,16
39,41,41,36,44,702,0.000,159,21.9,60,14
39,41,41,36,44,653,0.017,172,23.2,55,12
39,41,41,36,44,468,0.000,131,23.6,52,11
39,41,41,36,44,181,0.000,163,22.9,52,10
39,41,41,36,44,67,0.000,177,21.0,55,9
39,41,41,36,44,41,0.000,54,19.1,67,9
39,42,42,36,44,0,0.017,15,16.1,77,7
39,42,42,36,44,0,0.000,358,14.3,87,6
39,42,42,36,44,0,0.000,16,13.4,92,6
39,42,42,36,44,0,0.000,6,13.2,95,5
39,42,42,36,44,0,0.000,353,12.8,97,4
39,42,42,36,44,0,0.000,356,13.2,98,4
39,42,42,36,44,0,0.000,304,13.8,98,3
39,42,42,36,44,0,0.017,333,13.2,97,3
39,42,42,36,44,0,0.000,343,12.0,96,2
39,42,42,36,44,0,0.000,326,11.9,98,1
39,42,42,36,44,0,0.000,313,12.3,96,1
39,42,42,36,44,0,0.000,322,13.2,93,1
39,42,42,36,44,2,0.000,324,13.8,85,1
39,42,42,36,44,97,0.017,21,14.6,84,1
39,41,42,36,44,262,0.000,25,16.4,84,1
39,42,41,36,44,233,0.000,16,16.4,78,1
39,41,41,36,44,326,0.000,68,16.8,74,1
39,41,41,36,44,294,0.000,77,17.0,73,1
39,41,41,36,44,315,0.000,65,17.5,71,1
39,41,41,36,44,345,0.000,84,18.0,71,1
39,41,41,36,44,171,0.000,71,18.0,69,1
39,41,41,36,44,294,0.000,73,18.0,68,1
39,41,41,36,44,134,0.000,82,18.1,68,1
39,42,41,36,44,10,0.000,7,16.4,67,1
39,42,42,36,44,0,0.000,10,14.3,77,1
39,42,42,36,44,0,0.000,13,13.0,86,1
39,42,42,36,44,0,0.000,16,12.6,91,1
39,42,42,36,44,0,0.000,28,12.5,95,1
39,42,42,36,44,0,0.000,24,12.7,97,1
39,42,42,36,44,0,0.000,4,12.8,98,1
39,42,42,36,44,0,0.000,9,12.1,99,1
39,42,42,36,44,0,0.000,6,10.6,100,1
39,42,42,36,44,0,0.000,13,9.9,99,1
39,42,42,36,44,0,0.000,6,9.4,100,1
39,42,42,36,44,0,0.000,8,8.8,100,1
39,42,42,36,44,0,0.000,9,8.5,100,1
39,42,42,36,44,5,0.000,17,8.4,100,1
39,42,42,36,44,55,0.000,314,9.0,100,1
39,42,42,36,44,188,0.000,216,10.5,100,1
39,42,41,36,44,295,0.000,244,13.3,100,1
39,41,41,36,44,588,0.000,180,16.5,98,1
39,41,41,36,44,693,0.000,100,18.5,80,1
39,41,41,36,44,715,0.000,102,19.2,64,50
39,41,41,36,44,580,0.000,105,19.1,58,50
39,41,41,36,44,562,0.000,103,19.9,55,50
39,41,41,36,44,317,0.000,100,20.0,52,50
39,41,41,36,44,221,0.000,92,20.1,48,50
39,42,41,36,44,34,0.000,308,16.7,50,50
39,42,42,36,44,0,0.000,352,12.9,67,50
39,42,42,36,44,0,0.000,12,11.3,83,50
39,42,42,36,44,0,0.000,14,10.3,91,50
39,42,42,36,44,0,0.000,24,9.4,95,50
39,42,42,36,44,0,0.000,3,9.1,97,50
39,42,42,36,44,0,0.000,10,8.9,99,50
39,42,42,36,44,0,0.000,5,8.7,99,50
39,42,42,36,44,0,0.000,353,8.5,100,50
39,42,42,36,44,0,0.000,358,8.6,100,50
39,42,42,36,44,0,0.000,11,8.7,100,50
39,42,41,36,44,0,0.000,1,8.9,100,50
39,42,41,36,44,0,0.000,42,9.1,100,50
39,42,42,36,44,3,0.000,6,8.6,100,50
39,42,41,36,44,74,0.000,108,9.3,100,50
39,42,41,36,44,128,0.000,116,11.7,100,50
39,41,41,36,44,367,0.000,231,14.6,100,50
39,41,41,36,44,493,0.000,265,18.1,97,50
39,41,41,36,44,348,0.000,78,18.2,75,50
39,41,41,36,44,478,0.000,89,19.3,67,50
39,41,41,36,44,302,0.000,88,18.8,63,50
39,41,41,36,44,334,0.000,85,19.2,63,50
39,41,41,36,44,91,0.000,76,18.2,63,50
39,41,41,36,44,75,0.000,4,17.2,64,50
39,42,41,36,44,17,0.000,19,16.3,68,50
39,42,41,36,44,0,0.000,328,15.1,74,50
39,42,41,36,44,0,0.000,7,13.3,82,50
39,42,41,36,44,0,0.000,7,11.9,90,50
39,42,41,36,44,0,0.000,9,11.3,95,50
39,42,41,36,44,0,0.000,15,11.2,97,50
39,42,41,36,44,0,0.000,340,11.3,99,50
39,42,41,36,44,0,0.000,304,12.6,98,50
39,42,41,36,44,0,0.000,312,13.1,95,50
39,42,41,36,44,0,0.000,324,13.3,95,50
39,42,41,36,44,0,0.000,343,13.9,91,50
39,42,41,36,44,0,0.000,313,14.7,88,50
39,42,41,36,44,0,0.000,5,15.2,85,50
39,42,41,36,44,1,0.000,47,15.6,82,50
39,42,41,36,44,5,0.000,325,15.5,97,50
39,42,41,36,44,29,0.187,349,14.2,81,50
39,42,41,36,44,38,0.119,284,14.3,93,50
39,42,41,36,44,47,0.068,300,14.4,97,50
39,42,41,36,44,50,0.017,294,14.9,99,50
39,42,41,36,44,38,0.017,96,15.2,100,50
39,42,41,36,44,49,0.034,359,15.2,100,50
39,42,41,36,44,44,0.034,60,15.5,100,50
39,42,41,36,44,30,0.051,31,15.6,99,48
39,42,41,36,44,18,0.000,5,15.8,96,47
39,42,41,36,44,4,0.034,358,15.9,94,44
39,42,41,36,44,0,0.017,2,16.1,92,43
39,42,41,36,44,0,0.000,39,16.3,91,42
39,42,41,36,44,0,0.017,57,16.4,90,41
39,42,41,36,44,0,0.000,328,16.4,88,40
39,42,41,36,44,0,0.000,71,16.2,87,39
39,42,41,36,44,0,0.017,321,15.8,87,38
39,42,41,36,44,0,0.000,307,14.9,88,38
39,42,41,36,44,0,0.017,292,14.9,93,38
39,42,41,36,44,0,0.000,280,15.2,95,38
39,42,41,36,44,0,0.000,294,15.2,96,37
39,42,41,36,44,0,0.000,288,14.9,95,37
39,42,41,36,44,0,0.000,304,14.6,97,36
39,42,41,36,44,2,0.017,289,14.5,99,36
39,42,41,36,44,69,0.000,277,14.3,100,35
39,41,41,36,44,282,0.000,161,16.8,100,35
39,41,40,36,44,448,0.000,119,19.1,97,35
39,41,40,36,44,584,0.017,120,20.6,86,34
39,41,40,36,44,683,0.000,133,22.1,77,33
39,41,40,36,44,709,0.000,135,23.2,70,32
39,41,40,36,44,616,0.000,119,23.7,65,30
39,41,40,36,44,461,0.000,112,23.3,62,29
39,41,40,36,44,215,0.017,219,22.8,60,50
39,41,40,36,44,99,0.000,206,22.0,65,50
39,41,40,36,44,655,0.000,103,21.4,72,50
39,41,40,36,44,684,0.000,109,21.9,65,50
39,41,40,36,44,647,0.000,106,22.8,62,50
39,41,40,36,44,518,0.000,102,23.2,57,50
39,41,40,36,44,378,0.000,104,22.9,49,50
39,41,40,36,44,184,0.000,98,22.2,46,50
39,41,40,36,44,24,0.000,3,18.9,52,50
39,42,41,36,44,0,0.000,354,15.3,70,50
39,42,41,36,44,0,0.000,32,13.3,84,50
39,42,41,36,44,0,0.000,327,12.4,92,50
39,42,41,36,44,0,0.000,23,11.7,96,50
39,42,41,36,44,0,0.000,20,11.0,98,50
39,42,41,36,44,0,0.000,16,10.6,99,50
39,42,41,36,44,0,0.000,17,10.1,99,50
39,42,41,36,44,0,0.000,10,9.7,100,50
39,42,41,36,44,0,0.000,26,9.2,99,50
39,42,41,36,44,0,0.000,1,8.9,100,50
39,42,41,36,44,0,0.000,29,8.5,100,50
39,42,41,36,44,0,0.000,3,8.2,100,50
39,42,41,36,44,3,0.000,15,8.1,100,50
39,42,41,36,44,88,0.000,101,8.9,100,50
39,41,40,36,44,269,0.000,195,11.5,100,50
39,41,40,36,44,444,0.000,177,16.1,100,50
39,41,40,36,44,564,0.000,337,20.5,92,50
39,41,40,36,44,661,0.017,86,22.3,69,50
39,41,40,36,44,681,0.000,99,23.0,58,50
39,41,40,36,44,628,0.000,99,23.1,52,50
39,41,40,36,44,503,0.000,97,23.2,50,50
39,41,40,36,44,333,0.000,96,22.6,51,50
39,41,40,36,44,180,0.000,81,22.1,55,50
39,41,40,36,44,27,0.000,310,19.9,57,50
39,41,40,36,44,0,0.000,18,15.9,68,50
39,42,40,36,44,0,0.000,23,13.7,84,50
39,42,40,36,44,0,0.000,13,12.6,91,50
39,42,40,36,44,0,0.000,5,11.6,95,50
39,42,40,36,44,0,0.000,5,11.0,98,50
39,42,41,36,44,0,0.000,10,10.6,99,50
39,42,40,36,44,0,0.000,17,10.0,100,50
39,42,41,36,44,0,0.000,19,9.5,100,50
39,42,41,36,44,0,0.000,14,9.3,100,50
39,42,41,36,44,0,0.000,17,9.1,100,50
39,42,41,36,44,0,0.000,356,9.0,100,50
39,42,40,36,44,0,0.000,51,9.4,100,50
39,42,41,36,44,3,0.000,352,9.7,100,50
39,42,40,36,44,72,0.000,278,10.0,100,50
39,41,40,36,44,245,0.000,222,14.2,100,50
39,41,40,36,44,331,0.000,278,18.2,100,50
39,41,40,36,44,587,0.000,43,20.7,81,50
39,41,40,36,44,585,0.000,99,22.1,69,50
39,41,40,36,44,627,0.000,97,22.7,63,50
39,41,40,36,44,332,0.000,105,21.9,61,50
39,41,40,36,44,457,0.000,98,23.0,62,50
39,41,40,36,44,260,0.000,97,22.8,60,50
39,41,40,36,44,153,0.000,94,22.9,60,50
39,41,40,36,44,21,0.000,349,20.0,62,50
39,41,40,36,44,0,0.000,16,16.5,72,50
39,41,40,36,44,0,0.000,20,14.7,87,50
39,42,40,36,44,0,0.000,16,13.8,93,50
39,41,40,36,44,0,0.000,350,14.2,96,50
39,42,40,36,44,0,0.000,11,14.4,98,50
39,42,40,36,44,0,0.000,11,14.0,100,50
39,42,40,36,44,0,0.000,11,13.7,100,50
39,42,40,36,44,0,0.000,24,12.8,100,50
39,42,40,36,44,0,0.000,18,12.3,100,50
39,42,40,36,44,0,0.000,4,12.3,100,50
39,42,40,36,44,0,0.000,10,12.6,100,50
39,42,40,36,44,0,0.000,40,12.7,100,50
39,42,40,36,44,3,0.000,38,12.6,100,50
39,41,40,36,44,49,0.000,270,13.3,100,50
39,41,40,36,44,144,0.000,204,15.6,100,50
39,41,40,36,44,250,0.000,89,17.1,97,50
39,41,40,36,44,366,0.000,85,18.9,85,50
39,41,40,36,44,416,0.000,96,20.1,76,50
39,41,40,36,44,367,0.000,90,20.4,70,50
39,41,40,36,44,273,0.000,77,20.4,67,50
39,41,40,36,44,136,0.000,81,20.1,67,50
39,41,40,36,44,81,0.000,67,19.6,69,50
39,41,40,36,44,43,0.000,52,19.1,72,50
39,41,40,36,44,4,0.000,27,18.4,75,50
39,41,40,36,44,0,0.000,337,18.0,77,50
39,41,40,36,44,0,0.000,27,17.8,79,50
39,41,40,36,44,0,0.000,20,16.9,79,50
39,41,40,36,44,0,0.000,303,15.9,85,50
39,41,40,36,44,0,0.000,322,16.0,88,50
39,41,40,36,44,0,0.000,6,15.8,84,50
39,41,40,36,44,0,0.000,335,15.7,82,50
39,41,40,36,44,0,0.000,291,15.2,83,50
39,41,40,36,44,0,0.000,1,15.8,85,50
39,41,40,36,44,0,0.000,3,15.7,82,50
39,41,40,36,44,0,0.000,328,15.5,81,50
39,41,40,36,44,0,0.000,338,15.6,82,50
39,41,40,36,44,2,0.000,300,15.7,82,50
39,41,40,36,44,48,0.000,42,16.2,80,50
39,41,40,36,44,148,0.000,18,17.2,78,50
39,41,40,36,44,256,0.000,50,18.9,78,50
39,41,40,36,44,189,0.000,42,19.1,74,50
39,41,40,36,44,230,0.000,49,19.3,72,50
39,41,40,36,44,240,0.000,28,19.9,71,50
39,41,40,36,44,279,0.000,69,20.4,72,50
39,41,40,36,44,316,0.000,67,21.3,71,50
39,41,40,36,44,258,0.000,64,21.4,69,50
39,41,40,36,44,91,0.000,56,20.7,68,50
39,41,40,36,44,6,0.000,85,19.9,68,50
39,41,40,36,44,0,0.000,149,19.4,70,50
39,41,40,36,44,0,0.000,315,18.5,70,50
39,41,40,36,44,0,0.000,293,17.4,75,50
39,41,40,36,44,0,0.000,297,16.0,83,50
39,41,40,36,44,0,0.000,312,14.6,86,50
39,41,40,36,44,0,0.000,2,13.7,91,50
39,41,40,36,44,0,0.000,350,12.9,94,50
39,41,40,36,44,0,0.000,353,12.2,96,50
39,41,40,36,44,0,0.000,10,11.7,98,50
39,41,40,36,44,0,0.000,4,11.4,99,50
39,41,40,36,44,0,0.000,6,11.1,100,50
39,41,40,36,44,0,0.000,31,11.2,100,50
39,41,40,36,44,3,0.000,9,10.9,100,50
39,41,40,36,44,67,0.000,56,11.6,100,50
39,41,40,36,44,110,0.000,232,13.9,100,50
39,41,40,36,44,415,0.000,174,17.5,100,50
38,41,39,36,44,544,0.000,169,22.6,94,50
38,41,39,36,44,572,0.000,135,23.5,67,50
38,41,39,36,44,564,0.000,133,23.5,60,50
38,41,39,36,44,411,0.000,111,23.6,58,50
39,41,39,36,44,170,0.000,124,22.9,57,50
38,41,39,36,44,328,0.000,246,23.3,60,50
39,41,39,36,44,89,0.000,238,22.3,62,50
39,41,40,36,44,14,0.000,210,19.9,66,50
39,41,40,36,44,0,0.000,17,17.4,78,50
39,41,40,36,44,0,0.000,299,16.3,88,50
39,41,40,36,44,0,0.000,11,15.6,92,50
39,41,40,36,44,0,0.000,45,14.9,93,50
39,41,40,36,44,0,0.000,10,14.5,95,50
39,41,40,36,44,0,0.000,22,14.3,97,50
39,41,40,36,44,0,0.000,341,14.1,99,50
39,41,40,36,44,0,0.000,3,13.6,100,50
39,41,40,36,44,0,0.000,27,13.3,99,50
39,41,40,36,44,0,0.000,66,12.9,100,50
39,41,40,36,44,0,0.000,42,12.7,100,50
39,41,40,36,44,0,0.000,76,12.2,100,50
39,41,40,36,44,3,0.000,68,11.8,100,50
39,41,40,36,44,52,0.000,62,11.4,99,50
38,41,40,36,44,194,0.000,151,12.7,100,50
38,41,39,36,44,376,0.000,131,14.9,99,50
38,41,39,36,44,559,0.000,166,16.7,80,50
38,41,39,36,44,647,0.000,108,18.7,69,50
38,41,39,36,44,659,0.000,104,19.2,55,50
38,41,39,36,44,605,0.000,104,19.7,45,50
38,41,39,36,44,389,0.000,97,19.5,44,50
38,41,39,36,44,233,0.000,64,19.3,43,50
38,41,39,36,44,94,0.000,76,17.5,42,50
38,41,40,36,44,12,0.000,342,14.8,48,50
38,41,40,36,44,0,0.000,0,12.4,65,50
39,41,40,36,44,0,0.000,10,11.2,77,50
39,41,40,36,44,0,0.000,11,10.6,84,50
39,41,40,36,44,0,0.000,7,9.8,87,50
39,41,40,36,44,0,0.000,5,8.2,90,50
39,41,40,36,44,0,0.000,3,7.2,94,50
39,41,40,36,44,0,0.000,355,7.1,95,50
39,41,40,36,44,0,0.000,356,6.9,97,50
39,41,40,36,44,0,0.000,20,5.9,99,50
38,41,39,36,44,662,0.000,136,16.0,71,50
38,41,39,36,44,587,0.000,121,16.7,52,50
38,41,39,36,44,501,0.000,121,17.2,45,50
38,41,39,36,44,313,0.000,217,17.1,41,50
38,41,39,36,44,158,0.000,192,16.2,42,50
38,41,39,36,44,123,0.000,221,15.9,49,50
38,41,40,36,44,10,0.000,5,12.6,57,50
38,41,40,36,44,0,0.000,4,9.4,74,50
38,41,40,36,44,0,0.000,5,7.7,84,50
38,41,40,36,44,0,0.000,346,6.8,91,50
39,41,40,36,44,0,0.000,14,6.0,94,50
39,41,40,36,44,0,0.000,4,5.2,96,50
39,41,40,35,44,0,0.000,10,4.6,98,50
39,41,40,35,44,0,0.000,1,4.0,99,50
39,41,40,35,44,0,0.000,27,3.6,99,50
39,41,40,35,44,0,0.000,13,3.1,100,50
39,41,40,35,44,0,0.000,18,2.6,100,50
39,41,40,35,44,0,0.000,12,2.2,100,50
38,41,39,36,44,428,0.000,165,9.5,97,50
38,41,39,36,44,509,0.000,114,13.5,97,50
38,41,39,36,44,636,0.000,95,15.9,71,50
38,41,39,36,44,639,0.000,233,17.6,58,50
38,40,39,36,44,579,0.000,252,18.5,51,50
38,40,39,36,44,472,0.000,247,18.4,50,50
38,41,39,36,44,269,0.000,255,18.0,47,50
38,41,39,36,44,118,0.000,277,17.2,52,50
38,41,39,36,44,10,0.000,350,14.7,56,50
38,41,39,36,44,0,0.000,60,12.8,70,50
38,41,40,36,44,0,0.000,49,12.2,81,50
38,41,40,36,44,0,0.000,38,11.1,75,50
38,41,40,36,44,0,0.000,23,10.2,88,50
38,41,40,36,44,0,0.000,10,9.4,92,50
38,41,40,36,44,0,0.000,359,8.4,95,50
38,41,40,36,44,0,0.000,6,7.6,97,50
38,41,40,36,44,0,0.000,355,7.0,99,50
38,41,40,36,44,0,0.000,13,6.7,9,50
38,41,40,36,44,0,0.000,9,6.3,99,50
38,41,40,36,44,0,0.000,12,6.0,100,50
38,41,40,36,44,0,0.000,4,5.7,100,50
38,41,40,36,44,2,0.000,19,5.4,100,50
38,41,40,36,44,56,0.000,85,6.4,100,50
38,41,40,36,44,181,0.000,108,9.3,100,50
38,41,39,36,44,311,0.000,100,12.6,100,50
38,41,39,36,44,445,0.000,102,16.0,97,50
38,40,39,36,44,502,0.000,239,19.2,80,50
38,40,39,36,44,532,0.000,266,20.2,55,50
38,40,39,36,44,497,0.000,279,20.3,44,50
38,40,39,36,44,383,0.000,273,20.2,45,50
38,40,39,36,44,278,0.000,266,19.4,43,50
38,40,39,36,44,117,0.000,270,18.2,40,50
38,41,39,36,44,14,0.000,283,16.4,40,50
38,41,39,36,44,0,0.000,315,14.7,42,50
38,41,40,36,44,0,0.000,22,11.0,47,50
38,41,40,36,44,0,0.000,22,8.7,65,50
38,41,40,36,44,0,0.000,8,7.3,78,50
38,41,40,36,44,0,0.000,8,6.4,86,50
38,41,40,36,44,0,0.000,6,5.5,90,50
38,41,40,36,44,0,0.000,353,5.0,84,50
38,41,40,36,44,0,0.000,4,4.5,96,50
38,41,40,35,44,0,0.000,4,4.1,98,50
38,41,40,35,44,0,0.000,9,3.7,99,50
38,41,40,35,44,0,0.000,359,3.3,99,50
38,41,40,35,44,0,0.000,9,3.0,100,50
38,41,40,35,44,2,0.000,358,2.7,99,50
38,41,40,35,44,62,0.000,320,3.1,100,50
38,41,40,35,44,248,0.000,228,6.0,100,50
38,41,39,36,44,413,0.000,172,10.5,100,50
38,40,39,36,44,541,0.000,117,14.6,92,50
38,40,39,36,44,616,0.000,112,16.2,66,50
38,40,39,36,44,627,0.000,112,17.5,56,50
38,40,39,36,44,579,0.000,99,18.5,53,50
38,40,39,36,44,464,0.000,119,19.1,47,50
38,40,39,36,44,308,0.000,88,19.3,45,50
38,40,39,36,44,145,0.000,241,18.8,45,50
38,41,39,36,44,12,0.000,15,14.8,51,50
38,41,40,36,44,0,0.000,355,10.6,67,50
38,41,40,36,44,0,0.000,4,8.8,81,50
38,41,40,36,44,0,0.000,0,7.5,89,50
38,41,40,36,44,0,0.000,357,6.6,94,50
38,41,40,36,44,0,0.000,358,5.9,96,50
38,41,40,36,44,0,0.000,354,5.2,97,50
38,41,40,35,44,0,0.000,13,4.7,99,50
38,41,40,35,44,0,0.000,22,4.0,99,50
38,41,40,35,44,0,0.000,2,3.6,100,50
38,41,40,35,44,0,0.000,19,3.3,100,50
38,41,40,35,44,0,0.000,10,3.1,100,50
38,41,40,35,44,0,0.000,14,2.7,100,50
38,41,40,35,44,2,0.000,3,2.5,100,50
38,41,40,35,44,56,0.000,16,2.5,100,50
38,41,40,35,44,237,0.000,189,5.1,100,50
38,40,39,36,44,406,0.000,190,9.5,100,50
38,40,39,36,44,537,0.000,161,14.3,97,50
38,40,39,36,44,611,0.000,111,17.6,70,50
38,40,39,36,44,622,0.000,90,19.3,52,50
38,40,39,36,44,568,0.000,90,20.4,46,50
38,40,39,36,44,459,0.000,124,21.1,43,50
38,40,39,36,44,296,0.000,150,21.4,43,50
38,40,39,36,44,135,0.000,254,20.2,46,50
38,40,39,36,44,5,0.000,11,15.4,53,50
38,41,40,36,44,0,0.000,354,11.9,72,50
38,41,40,36,44,0,0.000,344,10.1,85,50
38,41,40,36,44,0,0.000,342,9.1,92,50
38,41,40,36,44,0,0.000,8,8.4,96,50
38,41,40,36,44,0,0.000,346,7.7,97,50
38,41,40,36,44,0,0.000,0,7.1,99,50
38,41,40,36,44,0,0.000,1,6.6,99,50
38,41,40,36,44,0,0.000,356,6.1,100,50
38,41,40,36,44,0,0.000,5,5.7,100,50
38,41,40,35,44,0,0.000,0,5.2,100,50
38,41,40,35,44,0,0.000,0,4.8,100,50
38,41,40,35,44,0,0.000,348,4.4,100,50
38,41,40,35,44,2,0.000,5,4.1,100,50
38,41,40,35,44,53,0.000,357,4.7,100,50
38,41,40,36,44,216,0.000,213,7.2,100,50
38,40,39,36,44,364,0.000,180,11.2,100,50
37,40,39,36,44,493,0.000,130,16.6,100,50
37,40,39,36,44,570,0.000,157,19.1,78,50
37,40,39,36,44,589,0.000,126,21.1,63,50
37,40,39,36,44,542,0.000,134,22.2,51,50
37,40,39,36,44,430,0.000,154,22.7,44,50
37,40,39,36,44,273,0.000,201,22.8,42,50
38,40,39,36,44,134,0.000,217,21.7,42,50
38,41,40,36,44,0,0.000,328,11.0,88,50
38,41,40,36,44,0,0.000,358,10.2,93,50
38,41,40,36,44,0,0.000,18,9.5,95,50
38,41,40,36,44,0,0.000,4,9.0,98,50
38,41,40,36,44,0,0.000,3,8.4,99,50
38,41,40,36,44,0,0.000,8,7.9,100,50
38,41,40,36,44,0,0.000,0,7.5,99,50
38,41,40,36,44,0,0.000,1,7.1,100,50
38,41,40,36,44,0,0.000,1,6.8,100,50
38,41,40,36,44,0,0.000,7,6.4,100,50
38,41,40,36,44,2,0.000,3,6.2,100,50
38,41,40,36,44,50,0.000,318,6.5,100,50
37,41,39,36,44,191,0.000,222,8.5,100,50
37,40,39,36,44,348,0.000,204,12.9,100,50
37,40,39,36,44,439,0.000,136,17.3,99,50
37,40,39,36,44,412,0.000,124,18.9,80,50
37,40,39,36,44,368,0.000,103,19.3,68,50
37,40,39,36,44,345,0.000,112,19.7,65,50
37,40,39,36,44,203,0.000,116,19.6,63,50
37,40,39,36,44,197,0.000,113,19.8,63,50
37,40,39,36,44,99,0.000,111,19.5,63,50
37,40,39,36,44,4,0.000,359,15.9,66,50
37,40,39,36,44,0,0.000,10,13.9,80,50
37,41,39,36,44,0,0.000,5,12.6,89,50
37,41,39,36,44,0,0.000,19,11.3,95,50
37,41,40,36,44,0,0.000,354,10.5,98,50
37,41,40,36,44,0,0.000,359,9.9,99,50
37,41,40,36,44,0,0.000,359,9.7,100,50
37,41,40,36,44,0,0.000,349,9.5,100,50
37,41,40,36,44,0,0.000,355,9.7,100,50
38,41,40,36,44,0,0.000,5,9.1,99,50
38,41,40,36,44,0,0.000,354,8.8,100,50
38,41,40,36,44,0,0.000,353,8.9,100,50
38,41,40,36,44,0,0.000,11,9.0,100,50
37,41,40,36,44,1,0.000,2,8.9,100,50
37,41,40,36,44,30,0.000,0,9.0,100,50
37,41,40,36,44,96,0.000,193,9.9,100,50
37,40,39,36,44,207,0.000,216,11.7,100,50
37,40,39,36,44,431,0.000,163,14.9,100,50
37,40,39,36,44,551,0.000,121,18.3,95,50
37,40,39,36,44,570,0.000,112,19.4,73,50
37,40,39,36,44,454,0.000,136,20.5,63,50
37,40,39,36,44,414,0.000,112,21.1,53,50
37,40,39,36,44,258,0.000,125,21.1,48,50
37,40,39,36,44,103,0.000,229,19.6,46,50
37,40,39,36,44,8,0.000,351,15.8,56,50
37,40,39,36,44,0,0.000,354,12.9,73,50
37,40,39,36,44,0,0.000,8,12.1,84,50
37,40,39,36,44,0,0.000,23,11.4,89,50
37,41,40,36,44,0,0.000,336,11.5,93,50
37,41,40,36,44,0,0.000,28,10.7,94,50
37,41,40,36,44,0,0.000,6,10.2,96,50
37,41,40,36,44,0,0.000,18,9.9,97,50
37,41,40,36,44,0,0.000,9,9.4,98,50
37,41,40,36,44,0,0.000,8,8.9,99,50
37,41,40,36,44,0,0.000,19,8.6,100,50
37,41,40,36,44,0,0.000,20,8.2,100,50
37,41,40,36,44,0,0.000,11,7.7,100,50
37,41,40,36,44,1,0.000,2,8.2,100,50
37,41,40,36,44,19,0.000,69,9.3,100,50
37,41,40,36,44,81,0.000,160,10.5,100,50
37,40,39,36,44,215,0.000,205,13.3,100,50
37,40,39,36,44,473,0.000,110,16.6,100,50
37,40,39,36,44,545,0.000,102,17.0,80,50
37,40,39,36,44,485,0.000,100,17.9,69,50
37,40,39,36,44,478,0.000,99,18.7,65,50
37,40,39,36,44,229,0.000,86,18.5,60,50
37,40,39,36,44,121,0.000,85,17.8,59,50
37,40,39,36,44,42,0.000,113,16.7,59,50
37,40,39,36,44,4,0.000,332,15.2,67,50
37,40,39,36,44,0,0.000,350,14.2,78,50
37,40,39,36,44,0,0.000,23,13.8,84,50
37,40,39,36,44,0,0.000,6,13.2,87,50
37,40,39,36,44,0,0.000,2,12.8,90,50
37,40,39,36,44,0,0.000,349,12.6,92,50
37,40,39,36,44,0,0.000,27,12.1,94,50
37,40,39,36,44,0,0.000,35,11.9,96,50
37,41,40,36,44,0,0.000,19,10.7,97,50
37,41,40,36,44,0,0.000,12,9.1,98,50
37,41,40,36,44,0,0.000,13,8.0,99,50
37,41,40,36,44,0,0.000,15,7.2,100,50
37,41,40,36,44,0,0.000,20,6.6,100,50
37,41,40,36,44,1,0.000,15,6.2,100,50
37,41,40,36,44,38,0.000,357,6.0,100,50
37,41,39,36,44,207,0.000,205,7.9,100,50
37,40,39,36,44,371,0.000,139,11.8,100,50
37,40,39,36,44,502,0.000,117,15.4,98,50
37,40,39,36,44,573,0.000,116,17.7,79,50
37,40,39,36,44,573,0.000,95,18.5,65,50
37,40,39,36,44,520,0.000,97,19.3,60,50
