WL1(mm),WL2(mm),WL3(mm),WL4 (mm),WL5 (mm),PD (mm),Solar (W/m2),Precipitation (mm),WindSpeed (m/s),AirTemp (DegC),RH (%),,
139,345,58,38,61,103.0 ,0,2.584,0.77,18,100,,
137,343,55,38,61,103.0 ,0,0.034,0.7,17.9,100,,
137,344,54,38,61,102.0 ,15,0.017,0.66,17.7,100,,
138,344,54,38,60,102.0 ,135,0,0.69,18.2,100,,
132,339,53,38,60,103.0 ,327,0,0.83,19.4,100,,
131,340,54,38,60,103.0 ,535,0,0.77,20.8,86,,
132,343,55,38,61,103.0 ,723,0,1.12,21.6,72,,
132,345,55,38,61,103.0 ,847,0,1.79,22.5,65,,
128,341,53,38,60,104.0 ,905,0,1.37,23.6,61,,
127,341,54,38,60,103.0 ,774,0,1.28,24.5,56,,
126,340,53,38,59,104.0 ,656,0,1.51,25.4,52,,
126,341,53,38,59,101.0 ,602,0,1.32,25.7,49,,
125,340,52,38,59,101.0 ,706,0,1.91,25.8,50,,
125,339,52,38,59,102.0 ,475,0,1.79,24.3,63,,
122,337,51,38,59,100.0 ,128,0,2.06,23.5,66,,
122,337,51,38,59,98.0 ,42,0,1.67,22.8,69,,
123,338,52,38,59,97.0 ,10,0,0.61,21.7,74,,
123,337,53,38,57,96.0 ,0,0,0.34,20.2,83,,
123,338,54,38,56,96.0 ,0,0,0.31,19.1,89,,
123,338,53,38,54,95.0 ,0,0,0.33,18.3,93,,
123,338,52,38,51,95.0 ,0,0,0.29,17.8,96,,
123,339,52,38,49,94.0 ,0,0,0.35,17.3,97,,
123,339,52,38,48,93.0 ,0,0,0.17,17,99,,
124,339,53,38,48,93.0 ,0,0,0.28,17.4,99,,
123,339,53,38,47,93.0 ,0,0,0.26,17.6,100,,
120,339,53,38,47,93.0 ,0,0,0.35,17.6,100,,
120,339,53,38,47,92.0 ,12,0,0.74,17.4,100,,
117,337,52,38,47,92.0 ,47,0,0.75,17.8,100,,
117,337,52,38,47,92.0 ,120,0,1.27,18.8,98,,
117,337,52,38,47,93.0 ,282,0,1.04,19.9,93,,
119,338,53,38,47,92.0 ,430,0,0.76,21.8,83,,
120,339,53,38,47,93.0 ,604,0,1.24,23.2,75,,
119,338,53,38,47,92.0 ,826,0,1.38,24,70,,
127,344,57,38,47,94.0 ,653,0,1.62,24.7,69,,
127,344,57,38,48,94.0 ,780,0,1.56,25.2,68,,
126,344,61,39,48,94.0 ,735,0,1.72,25.6,68,,
94,280,51,39,48,93.0 ,599,0,1.83,24.7,70,,
90,280,51,38,47,94.0 ,302,0,1.93,23.8,71,,
93,282,51,38,47,91.0 ,92,0,1.45,22.9,72,,
89,280,50,38,48,90.0 ,51,0,1.3,22.2,74,,
98,287,55,38,64,89.0 ,10,0,0.97,21.6,77,,
104,294,60,38,78,88.0 ,0,0,0.79,21,81,,
110,299,61,38,89,87.0 ,0,0,0.84,20.7,84,,
109,299,61,38,100,87.0 ,0,0,0.96,20.8,84,,
111,300,62,38,107,86.0 ,0,0,0.94,20.8,84,,
115,301,62,38,122,86.0 ,0,0,0.67,20.6,84,,
116,302,60,38,122,85.0 ,0,0,0.41,19.8,88,,
117,302,62,38,122,85.0 ,0,0,0.22,19.7,91,,
118,303,62,38,123,85.0 ,0,0,0.18,18.8,94,,
120,304,63,38,125,84.0 ,0,0,0.22,17.9,96,,
113,298,58,38,125,84.0 ,14,0,0.32,17.5,98,,
113,298,59,38,125,85.0 ,111,0,0.45,18.3,100,,
109,223,63,38,74,84.0 ,295,0,0.96,21,93,,
89,206,62,38,44,109.0 ,78,0,0.9,28.6,59,,
89,211,64,38,44,111.0 ,55,0,1.23,27.2,60,,
89,211,64,38,44,107.0 ,13,0,0.63,25.7,68,,
89,211,64,38,72,105.0 ,0,0,0.11,23.6,81,,
89,211,64,38,82,104.0 ,0,0,0.14,21.9,89,,
88,211,64,38,88,103.0 ,0,0,0.16,21.2,92,,
89,213,63,38,92,102.0 ,0,0,0.19,20.8,95,,
89,212,63,38,94,102.0 ,0,0,0.16,20.5,97,,
89,212,64,38,97,101.0 ,0,0,0.31,20.1,98,,
89,211,64,38,99,100.0 ,0,0,0.16,19.8,99,,
89,211,64,38,101,100.0 ,0,0,0.08,19.7,99,,
89,211,64,38,101,99.0 ,0,0,0.12,19.6,100,,
89,210,64,38,102,99.0 ,0,0,0.13,19.3,100,,
88,207,64,38,103,99.0 ,38,0,0.1,19.2,100,,
92,213,66,38,104,100.0 ,110,0,0.38,20.6,100,,
92,214,67,38,106,99.0 ,225,0,0.79,23,91,,
92,215,67,38,108,99.0 ,405,0,0.89,25,78,,
65,213,94,37,43,70.5 ,415,0.000,1.10,34.0,51,,
65,211,101,37,43,72.7 ,329,0.000,1.02,33.5,67,,
66,211,102,36,43,72.4 ,115,0.000,1.19,32.8,68,,
64,212,88,36,43,72.5 ,31,0.000,0.70,30.8,78,,
65,210,95,36,43,72.4 ,1,0.000,0.60,28.9,87,,
61,209,97,36,43,72.4 ,0,0.000,0.59,28.2,90,,
64,210,100,36,43,72.4 ,0,0.000,0.52,27.4,93,,
64,209,89,36,43,72.3 ,0,0.000,0.49,26.5,96,,
62,208,102,36,43,72.3 ,0,0.000,0.49,25.8,98,,
62,211,96,36,43,72.3 ,0,0.000,0.60,25.8,95,,
66,209,96,36,43,72.3 ,0,0.000,0.80,25.7,92,,
63,210,104,36,43,72.3 ,0,0.000,0.62,25.7,91,,
63,211,92,36,43,72.3 ,0,0.000,0.72,26.0,89,,
63,210,94,36,43,72.3 ,0,0.000,0.77,25.8,89,,
65,209,95,36,43,72.3 ,2,0.000,0.65,25.5,91,,
62,210,96,36,43,72.3 ,40,0.000,0.83,25.7,92,,
61,210,97,36,43,72.3 ,227,0.000,0.84,27.6,88,,
60,208,97,36,43,72.3 ,440,0.000,0.82,30.1,79,,
60,210,97,36,43,72.3 ,579,0.000,0.94,31.1,74,,
61,209,97,36,43,72.3 ,504,0.000,0.88,31.3,73,,
61,210,95,36,43,72.3 ,551,0.000,0.63,31.7,71,,
60,208,104,36,43,72.1 ,717,0.000,0.77,32.5,68,,
79,212,110,36,43,71.9 ,578,0.000,0.78,32.9,67,,
81,213,101,36,43,71.7 ,550,0.000,0.84,33.0,66,,
84,213,100,36,43,71.7 ,333,0.000,0.83,32.9,66,,
82,212,100,37,43,71.6 ,392,0.000,0.84,33.1,65,,
82,210,108,36,43,71.5 ,80,0.000,0.89,32.2,65,,
83,207,109,36,43,71.4 ,47,0.000,0.65,31.0,67,,
83,208,109,36,43,71.3 ,2,0.000,0.56,30.2,70,,
84,207,111,36,43,71.2 ,0,0.000,0.54,29.6,72,,
82,208,110,36,43,71.2 ,0,0.000,0.58,29.1,73,,
86,208,103,36,43,71.2 ,0,0.562,0.45,27.9,80,,
86,210,110,36,43,71.2 ,0,0.749,0.51,25.6,93,,
86,209,113,36,43,71.2 ,0,0.289,0.56,25.0,94,,
86,209,109,36,43,71.2 ,0,0.085,0.53,24.8,96,,
86,209,113,36,43,71.2 ,0,0.017,0.50,24.9,96,,
87,208,103,36,43,71.2 ,0,0.000,0.55,25.2,95,,
86,209,112,36,43,71.1 ,0,0.000,0.64,25.6,93,,
87,208,114,36,43,71.1 ,2,0.000,0.60,25.7,93,,
88,208,105,36,43,71.1 ,35,0.000,0.72,26.5,89,,
86,208,109,36,43,71.1 ,101,0.000,0.84,27.2,88,,
88,209,109,36,43,71.1 ,157,0.000,0.78,28.2,86,,
88,208,110,36,43,71.1 ,302,0.000,0.86,29.3,83,,
87,207,113,36,43,71.0 ,400,0.000,0.94,30.7,77,,
84,209,101,36,43,71.0 ,526,0.000,0.78,31.4,73,,
86,208,111,36,43,71.0 ,413,0.000,0.79,31.6,72,,
85,208,106,36,43,71.0 ,539,0.000,0.76,31.9,70,,
85,209,109,37,43,70.9 ,704,0.000,0.84,33.2,65,,
85,208,110,36,43,70.9 ,271,0.000,1.08,32.4,68,,
86,208,96,36,43,71.0 ,196,0.000,1.20,31.1,75,,
86,207,109,36,43,71.0 ,115,0.000,0.67,31.0,73,,
86,207,111,36,43,71.0 ,37,0.000,0.66,30.1,76,,
85,207,106,36,43,71.0 ,2,0.000,0.67,28.4,83,,
85,207,110,36,43,71.0 ,0,0.000,0.57,27.1,87,,
87,209,106,36,43,71.0 ,0,0.000,0.59,26.5,88,,
86,208,104,36,43,71.0 ,0,0.000,0.55,26.0,89,,
86,209,107,36,43,71.0 ,0,0.000,0.56,25.1,94,,
87,209,104,36,43,71.0 ,0,0.000,0.47,24.6,96,,
88,209,105,36,43,71.0 ,0,0.000,0.55,24.2,97,,
87,209,111,36,43,71.0 ,0,0.000,0.71,24.8,94,,
87,208,109,36,43,71.0 ,0,0.000,1.37,26.7,84,,
87,208,109,36,43,71.0 ,0,0.000,1.29,26.8,82,,
87,208,107,36,43,71.0 ,1,0.000,1.05,26.3,84,,
87,209,100,36,43,71.1 ,75,0.000,1.27,26.2,88,,
60,199,93,36,43,71.0 ,134,0.000,1.13,27.0,87,,
57,198,88,36,43,70.9 ,360,0.000,1.42,28.0,82,,
58,198,88,36,43,70.7 ,583,0.000,2.11,29.3,70,,
57,197,81,36,43,70.5 ,805,0.000,2.29,30.4,64,,
56,195,88,36,43,70.4 ,905,0.000,2.75,31.0,62,,
54,195,81,36,43,70.2 ,863,0.000,2.36,31.4,63,,
56,195,87,36,43,70.1 ,920,0.000,2.08,31.7,63,,
55,195,81,37,43,69.9 ,776,0.000,2.25,31.8,61,,
56,194,81,37,43,69.8 ,657,0.000,2.28,31.4,61,,
40,194,81,37,43,69.9 ,485,0.000,2.33,31.3,61,,
46,195,84,37,43,70.0 ,120,0.000,1.73,30.7,62,,
44,196,84,36,43,70.1 ,29,0.000,1.99,29.4,65,,
44,195,81,36,43,70.1 ,2,0.000,1.36,28.1,68,,
43,195,86,36,43,70.2 ,0,0.000,0.43,26.7,75,,
47,196,88,36,43,70.3 ,0,0.000,0.53,25.0,84,,
44,195,85,36,43,70.4 ,0,0.000,0.33,24.2,88,,
43,196,85,36,43,70.5 ,0,0.000,0.25,23.1,92,,
43,196,89,36,43,70.6 ,0,0.000,0.27,22.2,96,,
49,195,89,36,43,70.6 ,0,0.000,0.33,21.6,97,,
45,195,88,36,43,70.6 ,0,0.000,0.30,21.0,99,,
45,195,85,36,43,70.7 ,0,0.000,0.26,20.6,100,,
44,194,89,36,43,70.7 ,0,0.000,0.21,20.1,99,,
45,195,88,36,43,70.7 ,1,0.000,0.22,19.8,100,,
43,195,86,36,43,70.7 ,71,0.000,0.37,20.2,100,,
45,195,85,36,43,70.8 ,248,0.000,0.79,21.9,100,,
43,195,84,36,43,70.7 ,441,0.000,0.78,25.0,88,,
46,195,84,36,43,70.7 ,627,0.000,1.08,26.9,76,,
41,195,88,36,43,70.7 ,781,0.000,1.38,29.0,67,,
45,194,84,36,43,70.7 ,877,0.000,1.77,30.2,62,,
41,193,82,36,43,70.6 ,910,0.000,1.98,30.5,61,,
43,194,87,36,43,70.6 ,881,0.000,2.13,31.0,60,,
43,194,85,37,43,70.5 ,782,0.000,2.03,31.4,60,,
42,194,91,37,43,70.6 ,629,0.000,2.14,31.2,63,,
41,193,87,37,43,70.6 ,422,0.000,2.07,30.9,65,,
43,194,86,36,43,70.6 ,130,0.000,1.86,29.9,69,,
42,195,88,36,43,70.6 ,34,0.000,1.24,28.6,74,,
42,195,87,36,43,70.6 ,1,0.000,0.71,27.5,80,,
43,195,88,36,43,70.6 ,0,0.000,0.45,26.3,85,,
40,195,89,36,43,70.7 ,0,0.000,0.91,25.8,84,,
42,195,87,36,43,70.6 ,0,0.000,0.65,25.4,86,,
41,195,90,36,43,70.7 ,0,0.000,0.81,25.5,86,,
41,194,87,36,43,70.6 ,0,0.000,1.03,25.6,87,,
42,194,87,36,43,70.7 ,0,0.000,1.42,25.9,86,,
41,194,87,36,43,70.7 ,0,0.000,1.18,26.0,88,,
42,194,86,36,43,70.6 ,0,0.000,0.95,25.7,90,,
43,194,88,36,43,70.6 ,0,0.000,0.40,24.8,94,,
40,194,89,36,43,70.6 ,1,0.000,0.41,23.9,97,,
41,194,88,36,43,70.6 ,37,0.000,0.59,23.9,99,,
41,193,85,36,43,70.6 ,166,0.000,0.88,25.3,97,,
42,193,88,36,43,70.6 ,377,0.000,0.74,27.5,87,,
39,193,88,36,43,70.5 ,606,0.000,0.94,28.8,76,,
39,193,87,36,43,70.5 ,720,0.000,1.07,29.8,68,,
41,193,87,36,43,70.4 ,803,0.000,1.37,30.3,63,,
40,192,88,36,43,70.4 ,499,0.000,1.20,30.2,63,,
39,192,88,36,43,70.4 ,551,0.000,1.28,30.6,57,,
39,192,89,37,43,70.4 ,717,0.000,1.49,31.3,52,,
40,193,89,37,43,70.3 ,447,0.000,1.65,31.1,51,,
40,193,90,37,43,70.3 ,425,0.000,1.93,30.4,61,,
42,193,91,36,43,70.3 ,125,0.000,1.58,29.9,61,,
40,193,88,36,43,70.3 ,28,0.000,1.16,28.9,54,,
38,190,84,36,43,70.2 ,1,0.000,0.28,25.0,74,,
38,189,84,36,43,70.1 ,0,0.000,0.26,22.9,83,,
38,189,81,36,43,70.1 ,0,0.000,0.23,21.9,89,,
38,189,82,36,43,70.0 ,0,0.000,0.16,21.2,92,,
38,188,79,36,43,69.9 ,0,0.000,0.17,20.5,95,,
38,188,81,36,43,69.9 ,0,0.000,0.11,19.9,95,,
38,189,79,36,43,69.8 ,0,0.000,0.16,19.5,96,,
38,188,82,36,43,69.8 ,0,0.000,0.16,19.1,98,,
38,189,82,36,43,69.7 ,0,0.000,0.16,18.9,98,,
38,189,82,36,43,69.6 ,0,0.000,0.17,18.9,99,,
38,188,82,36,43,69.6 ,1,0.000,0.16,18.6,99,,
38,189,81,36,43,69.6 ,46,0.000,0.35,18.9,99,,
38,189,81,36,43,69.5 ,200,0.000,0.60,21.2,97,,
38,188,81,36,43,69.5 ,330,0.000,0.72,24.0,84,,
38,188,82,36,43,69.4 ,437,0.000,0.83,26.1,75,,
38,188,82,36,43,69.4 ,475,0.000,0.98,27.1,73,,
38,189,82,36,43,69.3 ,599,0.000,0.94,28.0,71,,
38,188,81,36,43,69.3 ,609,0.000,0.90,29.7,66,,
38,188,80,36,43,69.2 ,340,0.000,1.27,29.7,65,,
38,187,80,37,43,69.2 ,526,0.000,1.44,29.5,66,,
38,187,81,37,43,69.1 ,550,0.000,1.38,30.5,64,,
38,187,82,37,43,69.1 ,348,0.000,1.78,29.7,66,,
38,187,79,36,43,69.0 ,115,0.000,1.27,28.8,71,,
38,188,82,36,43,69.1 ,53,0.000,0.83,28.0,75,,
38,187,82,36,43,69.0 ,2,0.000,0.38,26.6,83,,
38,188,82,36,43,69.0 ,0,0.000,0.33,25.4,89,,
38,188,84,36,43,69.0 ,0,0.000,0.36,24.7,93,,
38,188,83,36,43,69.0 ,0,0.000,0.35,23.9,95,,
38,188,83,36,43,68.9 ,0,0.000,0.31,23.4,97,,
38,188,83,36,43,68.9 ,0,0.000,0.34,23.0,98,,
38,188,84,36,43,68.9 ,0,0.000,0.37,22.7,98,,
38,187,84,36,43,68.8 ,0,0.000,0.37,22.4,100,,
38,188,84,36,43,68.8 ,0,0.000,0.37,22.2,100,,
38,187,84,36,43,68.8 ,0,0.000,0.44,22.0,100,,
38,188,84,36,43,68.8 ,0,0.000,0.47,21.8,100,,
38,188,83,36,43,68.7 ,36,0.000,0.67,21.8,100,,
38,187,82,36,43,68.7 ,180,0.000,1.28,24.3,99,,
38,188,83,36,43,68.7 ,326,0.000,0.99,27.0,86,,
38,188,83,36,43,68.7 ,331,0.000,0.82,27.2,81,,
37,187,83,36,43,68.6 ,454,0.000,1.15,27.9,77,,
37,186,83,36,43,68.5 ,542,0.000,1.83,28.6,72,,
37,186,81,36,43,68.5 ,433,0.000,1.98,28.9,69,,
38,186,83,36,43,68.5 ,260,0.000,1.32,28.8,70,,
38,186,83,36,43,68.5 ,232,0.000,0.99,28.9,70,,
38,187,82,36,43,68.5 ,180,0.000,0.56,29.4,70,,
38,187,81,36,43,68.4 ,72,0.000,0.61,28.7,72,,
38,187,82,36,43,68.4 ,116,0.000,0.79,28.5,75,,
38,188,84,36,43,68.4 ,37,0.000,1.01,28.0,74,,
38,188,83,36,43,68.4 ,0,0.000,0.39,26.4,83,,
38,188,84,36,43,68.4 ,0,0.000,0.35,25.6,88,,
38,187,84,36,43,68.4 ,0,0.000,0.42,25.1,91,,
38,187,83,36,43,68.4 ,0,0.000,0.41,24.8,92,,
38,187,86,36,43,68.4 ,0,0.000,0.39,24.6,93,,
38,187,84,36,43,68.4 ,0,0.000,0.44,24.5,94,,
38,187,85,36,43,68.4 ,0,0.000,0.47,24.3,93,,
38,186,85,36,43,68.4 ,0,0.000,0.45,24.5,90,,
38,187,84,36,43,68.4 ,0,0.000,0.36,24.4,88,,
38,187,84,36,43,68.4 ,0,0.000,0.37,24.4,86,,
38,187,83,36,43,68.3 ,1,0.000,0.29,24.0,90,,
38,188,87,36,43,68.4 ,15,0.000,0.31,23.8,91,,
38,189,87,36,43,68.4 ,41,0.000,0.51,24.1,92,,
38,189,88,36,43,68.4 ,104,0.000,0.47,24.7,91,,
39,191,89,36,43,68.4 ,128,1.123,0.54,25.0,90,,
41,191,90,36,43,68.3 ,194,0.357,0.42,24.4,98,,
42,190,89,36,43,68.3 ,242,0.000,0.46,25.1,96,,
43,190,89,36,43,68.1 ,278,0.000,0.64,26.1,91,,
42,190,89,36,43,68.2 ,237,0.000,0.58,26.7,84,,
43,189,87,36,43,68.2 ,120,0.000,0.62,27.1,84,,
43,188,84,36,43,68.1 ,82,0.340,0.57,26.1,92,,
43,187,82,36,43,68.2 ,71,1.294,0.52,25.3,98,,
43,186,83,36,43,68.1 ,38,0.000,0.39,25.5,99,,
43,184,82,36,43,68.1 ,8,0.051,0.70,25.3,99,,
43,187,85,36,43,68.3 ,0,0.970,0.66,25.0,100,,
43,189,85,36,43,68.6 ,0,1.902,0.80,24.9,100,,
43,187,85,36,43,68.6 ,0,1.668,0.91,25.0,100,,
43,186,84,36,43,68.6 ,0,1.243,1.14,25.0,100,,
43,185,83,36,43,68.5 ,0,0.919,1.21,25.1,100,,
43,186,83,36,43,68.6 ,0,0.664,1.28,25.2,100,,
66,200,106,36,43,70.5 ,0,0.800,1.52,25.4,99,,
78,217,150,35,44,71.4 ,0,1.157,2.39,24.8,100,,
76,215,149,26,48,71.9 ,0,1.209,2.25,25.0,100,,
80,212,151,35,67,72.2 ,0,1.294,2.57,25.0,100,,
83,216,153,34,71,73.4 ,0,1.413,2.79,25.2,100,,
93,103,126,21,76,72.8 ,4,1.481,3.44,25.0,100,,
77,88,118,30,54,72.0 ,32,1.702,3.17,25.2,100,,
73,82,114,34,45,72.0 ,17,1.919,2.16,25.0,100,,
74,83,112,34,46,71.8 ,13,2.140,2.48,25.1,100,,
70,78,106,34,45,71.6 ,28,2.294,3.36,25.7,100,,
66,73,99,35,45,71.4 ,54,2.447,3.40,26.0,100,,
61,70,96,36,45,71.1 ,258,2.106,2.81,26.3,100,,
57,63,94,36,44,70.9 ,472,1.328,2.67,27.9,99,,
58,64,93,36,44,70.7 ,587,1.123,2.26,29.4,89,,
52,60,92,36,44,70.6 ,692,1.021,2.44,31.1,75,,
55,59,89,36,44,70.5 ,457,0.902,2.16,31.1,72,,
54,57,89,36,44,70.4 ,125,0.851,1.61,30.1,71,,
51,57,88,36,44,70.3 ,14,1.055,0.93,27.4,81,,
49,55,86,36,44,70.2 ,0,2.243,1.15,26.7,82,,
47,55,85,36,44,70.1 ,0,2.651,0.59,25.6,87,,
48,56,87,36,44,70.0 ,0,1.851,0.51,24.4,94,,
50,55,86,36,44,69.9 ,0,0.017,0.52,23.7,97,,
49,54,85,36,44,69.8 ,0,0.000,0.53,23.2,99,,
46,54,85,36,44,69.8 ,0,0.000,0.56,22.9,100,,
43,53,84,36,44,69.7 ,0,0.000,0.53,22.5,99,,
42,53,84,36,44,69.6 ,0,0.017,0.74,22.2,100,,
45,53,84,36,44,69.6 ,0,0.000,0.85,22.0,100,,
41,54,82,36,44,69.5 ,0,0.000,0.94,22.1,100,,
42,53,80,36,44,69.4 ,0,0.000,1.00,21.9,100,,
49,200,80,36,44,69.4 ,21,0.000,1.07,22.0,100,,
47,201,79,36,44,69.4 ,73,0.000,1.20,22.6,100,,
52,203,79,36,44,69.3 ,70,0.000,1.15,23.4,100,,
51,202,80,36,44,69.4 ,165,0.000,1.04,24.1,98,,
45,202,80,36,44,69.3 ,159,0.000,1.02,24.8,92,,
50,204,79,36,44,69.4 ,204,0.000,1.03,25.4,85,,
48,204,79,36,44,69.4 ,276,0.000,1.01,25.4,85,,
45,202,75,36,44,69.4 ,598,0.000,1.02,26.5,79,,
43,202,77,36,44,69.5 ,467,0.000,0.99,27.0,74,,
41,201,76,36,44,69.5 ,297,0.000,0.78,27.3,73,,
44,202,76,36,44,69.7 ,402,0.000,1.16,27.4,74,,
42,201,76,36,44,69.7 ,120,0.000,0.60,27.5,75,,
44,201,76,36,44,69.8 ,24,0.000,0.38,25.1,85,,
46,202,76,36,44,69.8 ,1,0.000,0.34,22.9,92,,
40,202,77,36,44,69.9 ,0,0.000,0.26,21.8,96,,
44,202,77,36,44,69.9 ,0,0.000,0.30,20.9,98,,
41,203,77,36,44,70.0 ,0,0.000,0.28,20.4,100,,
41,202,76,36,44,70.0 ,0,0.000,0.29,19.9,100,,
54,208,83,36,44,70.1 ,0,0.000,0.24,19.3,100,,
52,207,83,36,44,70.2 ,0,0.000,0.28,18.7,99,,
52,208,85,36,44,70.4 ,0,0.000,0.30,18.2,100,,
52,208,84,36,44,70.5 ,0,0.000,0.33,17.7,100,,
51,208,82,36,44,70.6 ,0,0.000,0.39,17.1,100,,
58,208,83,36,44,70.7 ,0,0.000,0.42,16.7,100,,
51,208,85,36,44,70.8 ,45,0.000,0.49,16.6,100,,
56,208,84,36,46,70.8 ,263,0.000,1.07,18.5,100,,
55,208,87,36,46,70.9 ,450,0.000,1.14,21.4,94,,
45,207,82,36,46,71.0 ,550,0.000,0.90,24.3,77,,
45,207,83,36,50,71.1 ,801,0.000,1.07,26.2,64,,
43,207,84,36,50,71.2 ,760,0.000,1.31,26.7,62,,
45,207,82,36,50,71.2 ,623,0.000,1.14,27.1,64,,
43,206,85,36,49,71.3 ,438,0.000,1.27,27.0,68,,
43,207,83,36,49,71.4 ,462,0.000,1.28,27.0,70,,
43,207,83,36,44,71.3 ,348,0.000,1.05,27.5,69,,
42,207,82,36,44,71.4 ,171,0.000,0.72,27.3,69,,
42,207,83,36,44,71.4 ,68,0.000,0.50,26.0,81,,
44,208,82,36,44,71.5 ,17,0.000,0.40,25.2,87,,
43,206,84,36,44,71.5 ,0,0.000,0.34,23.9,91,,
43,208,84,36,44,71.5 ,0,0.000,0.29,22.8,94,,
42,207,83,36,45,71.5 ,0,0.000,0.31,22.0,96,,
42,207,83,36,46,71.5 ,0,0.000,0.25,21.3,98,,
43,208,83,36,47,71.5 ,0,0.000,0.26,20.6,99,,
45,207,84,36,48,71.5 ,0,0.000,0.20,20.0,100,,
42,208,83,36,51,71.5 ,0,0.000,0.18,19.4,99,,
43,207,83,36,53,71.5 ,0,0.000,0.20,19.1,100,,
44,208,81,36,53,71.5 ,0,0.000,0.27,18.9,100,,
46,207,84,36,54,71.5 ,0,0.000,0.45,19.0,100,,
42,208,84,36,54,71.5 ,0,0.000,0.37,19.1,100,,
43,207,83,36,54,71.5 ,9,0.000,0.39,19.2,100,,
44,208,83,36,54,71.4 ,57,0.000,0.58,19.6,100,,
44,207,83,36,54,71.5 ,108,0.085,0.69,20.8,99,,
43,207,83,36,55,71.4 ,138,0.238,0.75,21.2,97,,
43,207,81,36,55,71.5 ,242,0.051,0.75,21.9,96,,
42,207,84,36,55,71.4 ,186,0.000,0.61,22.9,92,,
43,206,83,36,55,71.4 ,328,0.000,0.73,23.2,92,,
45,207,82,36,55,71.4 ,427,0.000,0.67,24.8,86,,
43,207,84,36,55,71.4 ,206,0.000,0.56,25.4,79,,
44,207,83,36,54,71.4 ,290,0.000,0.87,25.6,79,,
45,207,84,36,54,71.4 ,169,0.000,0.95,25.6,78,,
49,208,85,36,54,71.5 ,86,0.000,0.94,25.4,79,,
48,208,86,36,54,71.6 ,23,0.000,0.51,24.3,86,,
49,208,85,36,54,71.6 ,0,0.000,0.30,22.9,93,,
49,208,86,36,55,71.7 ,0,0.000,0.32,22.1,96,,
49,210,85,36,56,71.7 ,0,0.000,0.27,21.4,98,,
50,210,85,36,56,71.7 ,0,0.000,0.28,20.4,100,,
52,209,87,36,56,71.7 ,0,0.000,0.19,19.5,100,,
53,208,85,36,57,71.7 ,0,0.000,0.26,19.0,100,,
51,210,86,36,56,71.6 ,0,0.000,0.26,18.8,99,,
53,209,86,36,56,71.6 ,0,0.000,0.24,18.6,100,,
52,209,86,36,57,71.6 ,0,0.000,0.24,18.2,100,,
52,209,86,36,56,71.6 ,0,0.000,0.22,17.8,100,,
53,209,85,36,56,71.5 ,1,0.000,0.43,17.5,100,,
58,208,85,36,54,71.5 ,75,0.000,0.60,18.1,100,,
52,209,85,36,54,71.5 ,214,0.000,1.12,20.1,99,,
54,209,84,36,54,71.5 ,339,0.000,1.12,22.1,93,,
53,209,85,36,53,71.4 ,603,0.000,1.05,25.1,84,,
54,208,85,36,51,71.3 ,783,0.000,0.93,26.8,75,,
53,208,84,36,49,71.4 ,700,0.000,1.02,27.4,71,,
53,208,85,36,47,71.3 ,403,0.000,0.86,27.3,70,,
57,207,86,36,46,71.3 ,799,0.000,1.45,27.8,71,,
60,208,85,36,45,71.3 ,578,0.000,1.28,27.8,71,,
57,208,86,36,44,71.4 ,607,0.000,1.45,28.2,68,,
53,210,87,36,44,71.4 ,327,0.000,1.24,27.6,70,,
50,207,87,36,44,71.4 ,69,0.000,1.16,25.7,74,,
53,208,85,36,44,71.4 ,21,0.000,0.51,24.8,80,,
52,208,85,36,44,71.4 ,0,0.000,0.38,24.1,84,,
52,208,87,36,44,71.4 ,0,0.000,0.37,23.4,87,,
56,208,85,36,44,71.4 ,0,0.000,0.38,23.0,89,,
51,208,86,36,44,71.4 ,0,0.000,0.33,22.7,92,,
53,208,86,36,44,71.4 ,0,0.000,0.32,22.6,93,,
55,209,85,36,44,71.4 ,0,0.000,0.40,22.5,93,,
56,207,88,36,44,71.4 ,0,0.000,0.51,22.3,92,,
54,207,87,36,44,71.4 ,0,0.000,0.36,22.1,94,,
54,208,85,36,44,71.4 ,0,0.000,0.38,22.0,96,,
53,208,87,36,44,71.3 ,0,0.000,0.37,21.9,97,,
51,208,87,36,44,71.4 ,0,0.000,0.35,21.9,97,,
54,209,87,36,49,71.5 ,4,0.494,0.43,21.8,98,,
54,209,87,36,50,71.5 ,18,0.511,0.51,21.6,100,,
55,208,88,36,49,71.5 ,46,0.323,0.50,21.7,100,,
56,63,93,36,51,71.5 ,85,0.306,0.56,21.9,100,,
59,62,93,36,50,71.4 ,113,0.272,0.73,22.3,100,,
61,63,94,36,50,71.5 ,32,0.272,0.87,22.2,100,,
63,65,95,36,56,71.5 ,19,0.289,1.02,22.1,100,,
61,63,95,36,57,71.5 ,47,0.289,1.10,22.1,100,,
60,61,93,36,56,71.4 ,152,0.289,1.11,22.8,100,,
58,60,91,36,51,71.3 ,141,0.272,0.98,23.3,100,,
57,61,91,36,48,71.2 ,123,0.238,0.93,23.6,99,,
55,60,92,36,45,71.0 ,42,0.255,1.02,23.7,97,,
56,59,91,36,45,71.0 ,7,0.340,0.83,23.3,100,,
57,59,91,36,44,70.9 ,0,0.443,0.99,23.1,100,,
54,58,91,36,44,70.8 ,0,0.545,1.15,23.0,100,,
53,59,91,36,44,70.8 ,0,0.511,1.22,23.0,100,,
54,60,91,36,44,70.7 ,0,0.443,1.14,22.9,100,,
54,60,90,36,44,70.7 ,0,0.374,1.25,22.9,100,,
56,60,91,36,44,70.7 ,0,0.528,1.22,22.8,100,,
52,60,90,36,44,70.6 ,0,0.936,1.19,22.7,99,,
54,61,90,36,44,70.6 ,0,0.340,1.11,22.6,100,,
54,61,90,36,44,70.5 ,0,0.017,1.16,22.4,100,,
56,60,90,36,44,70.5 ,0,0.000,0.99,22.4,100,,
53,61,90,36,44,70.4 ,0,0.017,1.12,22.2,100,,
57,62,90,36,44,70.4 ,8,0.017,1.17,22.2,100,,
57,62,90,36,44,70.4 ,26,0.017,1.01,22.4,100,,
54,60,90,36,44,70.3 ,44,0.017,0.95,22.8,100,,
55,61,90,36,44,70.4 ,103,0.443,1.04,23.1,100,,
54,62,90,36,44,70.4 ,144,0.000,1.03,23.7,100,,
53,60,90,36,44,70.3 ,294,0.000,0.92,24.3,100,,
52,60,89,36,44,70.3 ,455,0.000,0.91,25.2,97,,
51,60,89,36,44,70.3 ,400,0.000,1.00,26.7,88,,
54,60,89,36,44,70.3 ,242,0.000,0.76,26.4,91,,
54,60,88,36,44,70.3 ,196,0.000,1.26,26.6,88,,
56,60,89,36,44,70.3 ,71,0.000,1.29,26.0,87,,
55,59,88,36,44,70.3 ,43,0.051,0.76,24.6,94,,
55,59,88,36,44,70.2 ,39,0.085,0.80,24.6,95,,
53,59,88,36,44,70.2 ,1,0.051,0.82,24.1,95,,
53,59,88,36,44,70.2 ,0,0.051,0.71,23.4,97,,
56,60,89,36,44,70.1 ,0,0.017,0.86,22.8,98,,
52,60,88,36,44,70.2 ,0,0.000,0.50,21.8,100,,
51,59,88,36,44,70.1 ,0,0.000,0.65,21.3,100,,
52,60,88,36,44,70.1 ,0,0.000,0.66,21.0,100,,
53,59,88,36,44,70.1 ,0,0.000,0.71,21.0,99,,
51,60,88,36,44,70.1 ,0,0.000,0.93,21.0,100,,
50,60,88,36,44,70.1 ,0,0.000,1.07,21.1,100,,
52,61,87,36,44,70.1 ,0,0.000,1.09,21.2,100,,
53,62,88,36,44,70.0 ,0,0.017,1.05,21.2,100,,
54,63,88,36,44,70.0 ,4,0.017,1.13,21.4,100,,
53,61,87,36,44,70.0 ,11,0.102,1.11,21.5,100,,
59,64,92,36,44,69.9 ,31,0.034,1.04,21.7,100,,
57,61,89,36,45,70.0 ,80,0.000,1.22,22.1,100,,
53,62,89,36,44,70.0 ,127,0.000,1.01,22.9,100,,
54,60,88,36,44,70.0 ,101,0.136,1.01,23.0,100,,
55,59,83,36,44,70.1 ,135,0.170,1.08,23.2,99,,
52,61,83,36,44,69.9 ,111,0.034,1.39,23.3,96,,
53,61,83,36,44,70.0 ,105,0.000,1.91,23.4,93,,
52,60,83,36,44,70.0 ,110,0.000,1.39,23.3,93,,
55,60,82,36,44,70.0 ,77,0.000,1.96,23.4,88,,
53,60,80,36,44,69.9 ,56,0.000,1.28,23.2,86,,
53,60,82,36,44,69.9 ,9,0.000,1.13,22.6,89,,
53,60,82,36,44,69.9 ,0,0.000,0.58,21.6,94,,
54,58,82,36,44,69.9 ,0,0.000,0.48,20.9,98,,
53,59,82,36,44,69.9 ,0,0.000,0.55,20.1,100,,
51,60,82,36,44,69.8 ,0,0.000,0.55,19.5,100,,
54,61,82,36,44,69.8 ,0,0.000,0.65,19.2,100,,
54,59,82,36,44,69.8 ,0,0.000,0.68,18.9,100,,
53,60,82,36,44,69.8 ,0,0.000,0.72,18.4,99,,
57,61,83,36,44,69.8 ,0,0.000,0.70,17.9,100,,
56,61,83,36,44,69.8 ,0,0.017,0.73,17.5,100,,
51,60,83,36,44,69.8 ,0,0.000,0.81,17.5,100,,
51,61,83,36,44,69.8 ,0,0.000,0.87,17.4,100,,
53,63,83,36,44,69.8 ,28,0.017,0.85,17.1,100,,
54,61,83,36,44,69.8 ,236,0.017,0.96,17.7,100,,
51,61,82,36,44,69.8 ,435,0.068,0.96,20.3,100,,
51,63,83,36,44,69.7 ,625,0.034,0.93,23.6,91,,
52,61,84,36,44,69.7 ,787,0.000,1.02,25.8,78,,
52,62,84,36,44,69.7 ,672,0.000,0.74,26.9,68,,
50,62,84,36,44,69.6 ,928,0.000,1.01,27.6,61,,
51,61,83,36,44,69.5 ,850,0.000,1.06,28.9,55,,
53,61,88,37,43,69.5 ,711,0.000,1.58,29.1,52,,
52,61,89,37,43,69.5 ,615,0.000,1.54,29.1,53,,
53,61,89,37,43,69.5 ,420,0.000,1.42,28.5,54,,
53,60,89,36,43,69.6 ,131,0.000,1.15,27.5,58,,
51,60,89,36,43,69.6 ,28,0.000,0.56,25.7,63,,
52,60,89,36,43,69.6 ,0,0.000,0.25,22.3,76,,
51,61,89,36,44,69.5 ,0,0.000,0.22,19.8,89,,
52,62,89,36,44,69.6 ,0,0.000,0.20,18.7,93,,
51,59,90,36,44,69.6 ,0,0.000,0.14,17.7,96,,
52,61,89,36,44,69.6 ,0,0.000,0.14,17.0,98,,
53,61,91,36,44,69.6 ,0,0.000,0.13,16.6,99,,
53,62,92,36,44,69.6 ,0,0.000,0.14,16.1,99,,
56,62,92,36,44,69.7 ,0,0.000,0.14,15.5,100,,
55,63,92,36,44,69.7 ,0,0.000,0.13,15.3,100,,
55,62,91,36,44,69.7 ,0,0.017,0.22,15.1,100,,
58,65,91,36,44,69.7 ,1,0.034,0.14,14.9,100,,
56,63,92,36,44,69.7 ,58,0.017,0.20,15.1,100,,
56,64,91,36,44,69.7 ,134,0.000,0.36,16.5,100,,
55,63,91,36,44,69.8 ,214,0.000,0.56,18.4,100,,
54,63,92,36,44,69.7 ,336,0.000,0.51,20.8,91,,
85,59,80,36,44,69.9 ,472,0.000,0.76,23.1,85,,
38,64,92,36,43,69.7 ,726,0.000,0.95,25.7,76,,
38,63,93,36,43,69.6 ,663,0.000,1.13,26.7,68,,
37,65,92,37,43,69.5 ,855,0.000,1.09,28.0,60,,
37,64,92,37,43,69.4 ,565,0.000,1.15,28.1,57,,
37,63,93,37,43,69.3 ,389,0.000,0.87,27.6,64,,
37,63,93,37,43,69.3 ,266,0.000,0.71,27.6,66,,
37,63,91,36,43,69.2 ,125,0.000,0.50,27.2,71,,
38,64,93,36,43,69.1 ,27,0.000,0.40,25.1,80,,
38,63,93,36,43,69.1 ,0,0.000,0.23,22.5,89,,
38,67,92,36,43,69.0 ,0,0.000,0.16,20.9,94,,
38,62,94,36,43,68.9 ,0,0.000,0.16,20.0,97,,
38,64,94,36,43,68.9 ,0,0.000,0.15,19.9,98,,
38,65,94,36,43,68.8 ,0,0.000,0.16,19.7,100,,
38,64,94,36,43,68.8 ,0,0.000,0.18,19.4,100,,
38,65,92,36,43,68.7 ,0,0.000,0.22,19.2,99,,
38,66,92,36,43,68.7 ,0,0.000,0.20,18.9,100,,
38,66,93,36,43,68.6 ,0,0.000,0.20,18.8,100,,
38,67,95,36,43,68.6 ,0,0.000,0.23,18.6,100,,
38,66,92,36,43,68.6 ,0,0.000,0.25,18.4,100,,
38,64,92,36,43,68.5 ,21,0.000,0.28,18.4,100,,
38,68,96,36,43,68.6 ,104,0.000,0.57,19.2,100,,
38,67,97,36,43,68.6 ,168,0.000,0.75,20.9,98,,
38,66,97,36,43,68.6 ,189,0.000,0.77,22.1,92,,
38,68,97,36,43,68.6 ,169,0.000,0.66,23.3,87,,
38,69,97,36,43,68.6 ,183,0.000,0.53,23.5,86,,
38,69,97,36,43,68.6 ,185,0.000,0.45,23.8,86,,
38,69,97,36,43,68.6 ,119,0.000,0.40,23.9,87,,
38,67,98,36,43,68.6 ,60,0.000,0.34,23.3,92,,
38,69,99,36,43,68.6 ,60,0.119,0.56,22.6,99,,
38,69,99,36,43,68.6 ,39,0.238,0.71,22.2,100,,
38,68,99,36,43,68.7 ,27,0.051,0.57,22.0,100,,
38,69,102,36,43,68.7 ,9,0.017,0.53,21.6,100,,
38,68,103,36,43,68.8 ,0,0.017,0.86,20.0,100,,
38,68,102,36,43,68.8 ,0,0.000,0.65,19.4,100,,
38,70,103,36,43,68.9 ,0,0.017,0.82,19.0,100,,
38,72,103,36,43,68.9 ,0,0.017,0.68,18.8,100,,
38,70,104,36,44,68.9 ,0,0.000,0.48,18.7,100,,
38,71,107,36,44,68.9 ,0,0.017,0.59,18.6,100,,
38,71,102,36,43,69.0 ,0,0.000,0.60,18.7,99,,
38,73,102,36,43,69.0 ,0,0.000,0.58,18.7,100,,
38,74,105,36,43,69.0 ,0,0.017,0.73,18.8,100,,
38,75,106,36,43,69.0 ,0,0.000,0.95,18.8,100,,
38,73,105,36,43,69.0 ,0,0.017,0.89,18.9,100,,
38,72,104,36,44,69.1 ,8,0.000,0.94,19.0,100,,
38,74,106,36,43,69.2 ,34,0.017,0.92,19.3,100,,
41,77,117,36,43,70.2 ,27,0.000,1.10,19.6,100,,
40,76,115,36,44,70.4 ,40,0.017,1.16,19.8,100,,
39,77,116,36,44,70.6 ,32,0.000,1.19,20.0,100,,
39,72,118,36,46,70.8 ,34,0.017,1.02,19.8,100,,
39,75,116,36,48,70.8 ,80,0.000,1.01,19.8,100,,
39,70,114,36,45,70.6 ,107,0.017,1.05,20.4,100,,
39,72,113,36,44,70.5 ,122,0.017,1.07,20.7,100,,
39,71,111,36,44,70.4 ,74,0.000,0.95,21.0,100,,
39,74,115,36,44,70.4 ,37,0.017,0.93,21.1,100,,
39,71,113,36,44,70.3 ,19,0.017,0.96,21.0,100,,
39,70,114,36,44,70.3 ,2,0.000,1.02,20.7,100,,
39,73,110,36,44,70.3 ,0,0.017,1.03,20.6,100,,
38,72,112,36,44,70.3 ,0,0.000,0.97,20.4,100,,
39,73,114,36,44,70.4 ,0,0.017,1.06,20.2,100,,
39,73,115,36,44,70.5 ,0,0.000,1.20,20.2,100,,
38,70,114,36,44,70.4 ,0,0.017,1.17,20.2,100,,
38,73,112,36,44,70.4 ,0,0.017,1.07,20.2,100,,
39,71,113,36,44,70.4 ,0,0.000,1.09,20.3,99,,
39,73,113,36,44,70.3 ,0,0.017,1.15,20.3,100,,
38,75,111,36,44,70.2 ,0,0.000,1.21,20.4,100,,
38,73,110,36,44,70.2 ,0,0.017,1.18,20.4,100,,
45,81,122,36,44,73.1 ,0,0.017,1.19,20.4,100,,
90,115,113,-5,96,73.5 ,0,0.119,1.55,20.1,100,,
101,111,96,-1,94,73.8 ,1,0.034,1.42,20.1,100,,
81,96,89,-6,113,73.7 ,6,0.017,1.41,20.2,100,,
79,75,111,3,96,73.0 ,24,0.000,1.37,20.4,100,,
74,78,118,7,85,73.0 ,54,0.034,1.48,20.7,100,,
64,69,96,14,71,72.2 ,165,0.051,1.40,21.0,100,,
44,54,81,27,48,71.5 ,195,0.051,1.29,21.6,100,,
39,49,65,32,43,71.1 ,251,0.102,1.14,22.0,100,,
39,48,59,34,43,70.7 ,241,0.272,1.46,23.4,100,,
39,47,52,35,43,70.4 ,142,1.260,1.67,23.8,100,,
39,46,50,35,43,70.2 ,102,1.532,1.53,23.8,100,,
39,46,49,35,43,70.0 ,31,1.634,1.65,23.3,100,,
39,46,48,35,43,69.8 ,8,1.566,1.71,23.1,100,,
39,45,46,35,43,69.6 ,0,1.396,1.71,22.7,100,,
39,45,46,36,43,69.5 ,0,1.226,1.73,22.5,100,,
39,45,46,36,43,69.4 ,0,1.123,1.74,22.5,100,,
39,45,45,36,43,69.3 ,0,0.987,1.84,22.4,100,,
39,45,45,36,43,69.5 ,0,0.783,1.99,22.3,100,,
39,45,46,36,43,69.4 ,0,0.698,2.21,22.2,100,,
39,45,45,36,43,69.3 ,0,0.562,2.02,22.1,99,,
39,45,56,36,43,69.8 ,0,0.443,2.33,22.0,100,,
39,45,49,36,43,69.6 ,0,0.409,1.92,21.9,100,,
39,45,47,36,43,69.5 ,0,0.340,2.05,22.0,100,,
39,45,46,36,43,69.3 ,0,0.289,1.95,22.0,100,,
39,45,45,36,43,69.2 ,8,0.255,2.05,22.0,100,,
39,45,45,36,43,69.1 ,21,0.221,2.07,22.3,100,,
39,45,44,36,43,69.0 ,56,0.187,2.20,22.6,100,,
39,45,44,36,43,69.0 ,58,0.170,2.23,23.0,100,,
39,45,44,36,43,68.9 ,63,0.136,2.40,23.2,100,,
39,45,44,36,43,68.9 ,87,0.119,2.59,23.4,100,,
39,45,44,36,43,68.7 ,113,0.085,2.70,23.7,100,,
39,44,43,36,43,68.7 ,120,0.068,2.59,24.1,100,,
39,44,43,36,43,68.5 ,119,0.051,2.47,24.5,100,,
39,44,43,36,43,68.5 ,70,0.051,1.90,24.6,100,,
39,44,43,36,43,68.4 ,68,0.034,1.67,24.6,100,,
39,44,43,36,43,68.4 ,40,0.051,1.63,24.7,100,,
39,44,43,36,43,68.3 ,13,0.017,1.51,24.6,100,,
121,132,154,-1,90,72.6 ,0,0.187,1.40,24.1,100,,
58,67,109,15,53,71.8 ,0,0.017,1.24,23.8,100,,
38,51,76,29,44,71.2 ,0,0.000,1.15,23.7,100,,
38,46,58,33,44,70.8 ,0,0.017,1.21,23.4,100,,
38,45,50,34,44,70.5 ,0,0.000,1.18,23.0,100,,
38,45,48,34,44,70.2 ,0,0.017,1.20,22.9,100,,
38,45,46,35,44,70.0 ,0,0.000,1.22,22.8,99,,
38,45,45,35,44,69.8 ,0,0.017,1.25,22.8,100,,
38,45,44,35,44,69.6 ,0,0.000,1.31,22.8,100,,
38,45,44,35,44,69.5 ,0,0.000,1.22,22.8,100,,
37,44,44,35,44,69.4 ,0,0.017,1.35,22.8,100,,
37,44,43,35,44,69.2 ,13,0.000,1.29,22.9,100,,
37,44,43,35,44,69.1 ,51,0.017,1.30,23.4,100,,
37,44,42,35,44,69.0 ,83,0.000,1.24,24.0,100,,
37,44,42,35,44,68.9 ,196,0.017,1.21,24.7,100,,
37,44,41,35,44,68.8 ,474,0.000,1.07,25.9,100,,
37,44,41,35,44,68.6 ,615,0.017,1.30,27.4,95,,
37,44,41,35,44,68.5 ,484,0.000,1.56,28.1,91,,
37,44,41,35,44,68.4 ,366,0.017,1.58,28.5,87,,
37,44,41,36,44,68.3 ,440,0.000,1.61,28.4,87,,
37,43,40,36,43,68.2 ,390,0.000,1.48,28.5,84,,
37,44,40,36,43,68.2 ,112,0.017,1.40,27.7,84,,
37,44,40,36,43,68.1 ,75,0.000,1.03,27.2,87,,
37,44,40,36,43,68.0 ,15,0.017,0.83,25.8,94,,
37,44,40,36,43,67.9 ,0,0.000,0.75,24.6,99,,
37,44,40,36,43,67.9 ,0,0.000,0.91,24.0,100,,
37,44,40,36,43,67.8 ,0,0.017,0.91,23.5,100,,
37,44,40,36,43,67.7 ,0,0.000,0.97,23.1,100,,
37,44,40,36,43,67.6 ,0,0.017,1.00,22.8,100,,
37,44,40,36,43,67.5 ,0,0.000,1.02,22.7,100,,
37,44,40,35,43,67.5 ,0,0.000,1.09,22.4,99,,
37,44,40,36,43,67.4 ,0,0.017,1.12,22.1,100,,
37,44,40,36,43,67.3 ,0,0.000,1.09,22.0,100,,
37,44,40,36,43,67.2 ,0,0.017,1.09,21.7,100,,
37,44,40,36,43,67.1 ,0,0.000,1.15,21.9,100,,
37,44,40,36,43,67.1 ,13,0.000,1.23,22.3,100,,
37,43,40,36,43,67.0 ,130,0.017,1.47,23.9,100,,
37,43,40,36,43,66.9 ,116,0.000,1.19,25.1,100,,
37,43,40,36,43,66.9 ,223,0.017,0.97,25.8,98,,
37,43,40,36,43,66.8 ,188,0.000,0.94,26.5,96,,
37,43,40,36,43,66.7 ,341,0.017,1.00,27.1,95,,
37,43,40,36,43,66.7 ,423,0.000,0.97,28.5,89,,
37,43,40,36,43,66.6 ,281,0.000,0.85,28.8,87,,
37,43,40,36,43,66.5 ,282,0.017,0.75,28.9,87,,
37,43,40,36,43,66.4 ,214,0.000,1.00,28.9,86,,
37,43,40,36,43,66.3 ,98,0.017,1.60,28.3,81,,
37,43,40,36,43,66.3 ,38,0.000,1.46,27.6,82,,
37,43,40,36,43,66.2 ,5,0.017,0.69,27.0,85,,
37,43,40,36,43,66.2 ,0,0.000,0.55,26.5,88,,
37,43,40,36,43,66.1 ,0,0.000,0.47,26.1,91,,
37,43,40,36,43,66.2 ,0,0.017,0.60,26.2,89,,
37,43,40,36,43,66.2 ,0,0.000,0.70,25.4,93,,
37,43,40,36,43,66.5 ,0,0.000,0.56,24.8,98,,
37,43,40,36,43,66.5 ,0,0.017,0.53,24.4,100,,
37,43,40,36,43,66.6 ,0,0.000,0.73,24.6,99,,
37,43,40,36,43,66.6 ,0,0.017,0.90,24.8,100,,
37,43,40,36,43,66.4 ,0,0.000,1.00,25.0,99,,
37,43,44,36,43,66.8 ,0,0.000,2.87,25.1,96,,
37,43,43,36,43,66.9 ,0,0.000,3.50,25.3,96,,
37,43,42,36,43,66.9 ,3,0.000,4.14,26.1,94,,
37,44,46,36,43,67.1 ,21,0.000,2.58,25.3,98,,
37,44,46,36,43,67.2 ,33,0.000,1.63,25.2,100,,
37,44,46,36,43,67.4 ,49,0.000,1.75,24.6,100,,
37,44,44,36,43,67.4 ,85,0.000,1.64,25.2,100,,
37,44,43,36,43,67.3 ,94,0.000,1.93,25.7,99,,
37,44,43,36,43,67.3 ,90,0.000,2.93,26.2,91,,
37,44,42,36,43,67.2 ,76,0.000,2.74,26.0,89,,
37,44,42,36,43,67.2 ,109,0.017,2.38,25.8,90,,
37,44,42,36,43,67.0 ,153,0.000,2.80,26.2,88,,
37,44,41,36,43,67.0 ,131,0.000,2.64,26.1,88,,
37,44,41,36,43,66.8 ,37,0.017,2.20,25.8,88,,
37,44,41,36,43,66.8 ,12,0.000,2.35,25.6,89,,
37,44,41,36,43,66.7 ,0,0.000,2.05,25.2,90,,
37,44,41,36,43,66.7 ,0,0.017,1.34,24.7,91,,
37,44,40,36,43,66.6 ,0,0.000,1.32,23.7,96,,
37,44,40,36,43,66.6 ,0,0.000,1.14,23.3,98,,
37,44,40,36,43,66.5 ,0,0.017,0.75,23.0,99,,
37,44,40,36,43,66.4 ,0,0.000,0.60,22.5,99,,
37,44,40,36,43,66.4 ,0,0.000,0.80,22.1,99,,
37,44,40,36,43,66.3 ,0,0.017,0.82,21.8,100,,
37,44,40,36,43,66.2 ,0,0.000,0.76,21.1,100,,
37,44,40,36,43,66.2 ,0,0.000,0.93,21.1,100,,
37,44,40,36,43,66.1 ,0,0.017,0.96,21.3,100,,
37,44,40,36,43,66.1 ,10,0.000,1.06,21.5,100,,
37,44,40,36,43,66.0 ,65,0.000,1.09,22.0,100,,
37,43,40,36,43,66.0 ,195,0.017,1.03,23.0,100,,
37,43,40,36,43,65.9 ,326,0.000,0.98,24.5,99,,
37,43,40,36,43,65.9 ,344,0.017,1.13,25.9,93,,
37,43,40,36,43,65.9 ,366,0.000,0.94,26.2,89,,
37,43,40,36,43,65.7 ,535,0.000,0.87,27.5,84,,
37,43,40,36,43,65.8 ,412,0.017,0.92,27.8,81,,
37,43,40,36,43,65.6 ,397,0.000,0.97,28.4,77,,
37,43,40,36,43,65.6 ,179,0.000,0.79,28.1,81,,
37,43,40,36,43,65.5 ,114,0.017,0.88,27.4,85,,
37,43,40,36,43,65.5 ,48,0.000,1.04,26.5,86,,
37,43,40,36,43,65.5 ,7,0.000,0.61,25.5,92,,
37,43,40,36,43,65.5 ,0,0.017,0.47,24.7,97,,
37,43,40,36,43,65.4 ,0,0.000,0.46,24.4,99,,
37,43,40,36,43,65.4 ,0,0.000,0.48,24.1,100,,
37,43,40,36,43,65.4 ,0,0.017,0.48,23.9,100,,
37,43,40,36,43,65.3 ,0,0.000,0.50,23.8,100,,
37,43,40,36,43,65.3 ,0,0.000,0.81,23.8,100,,
37,43,40,36,43,65.3 ,0,0.017,0.93,23.7,99,,
37,43,40,36,43,65.2 ,0,0.000,0.99,23.6,100,,
37,43,40,36,43,65.2 ,0,0.000,1.11,23.4,100,,
37,43,40,36,43,65.1 ,0,0.017,1.13,23.1,100,,
37,43,40,36,43,65.1 ,0,0.000,1.13,22.8,100,,
37,43,40,36,43,65.1 ,11,0.000,1.18,22.9,100,,
37,43,40,36,43,65.0 ,72,0.017,1.36,23.4,100,,
37,43,40,36,43,65.0 ,211,0.000,1.32,25.0,100,,
37,43,40,36,43,65.0 ,334,0.000,0.99,26.7,95,,
37,43,40,36,43,64.9 ,275,0.017,0.92,27.3,90,,
37,43,40,37,43,64.9 ,504,0.000,0.99,28.5,87,,
37,43,40,37,43,64.7 ,419,0.000,0.89,29.4,83,,
37,43,40,37,43,64.7 ,375,0.017,0.85,29.0,84,,
37,43,40,37,43,64.7 ,206,0.000,1.23,29.2,81,,
37,43,40,37,43,64.6 ,113,0.000,0.64,28.5,86,,
37,43,40,37,43,64.6 ,84,0.017,1.23,27.2,89,,
37,43,40,37,43,64.6 ,54,0.000,0.58,26.5,94,,
37,43,40,37,43,64.6 ,5,0.000,0.49,25.9,97,,
37,43,40,37,43,64.5 ,0,0.017,0.54,25.4,100,,
37,43,40,37,43,64.5 ,0,0.000,0.87,26.0,96,,
37,43,40,37,43,64.5 ,0,0.000,0.70,26.1,94,,
37,43,40,36,43,64.5 ,0,0.017,0.65,25.3,98,,
37,43,40,36,43,64.5 ,0,0.000,0.46,24.8,100,,
37,43,40,36,43,64.4 ,0,0.000,0.49,24.3,100,,
37,43,40,36,43,64.4 ,0,0.017,0.65,23.5,99,,
37,43,40,36,43,64.4 ,0,0.000,0.81,24.0,100,,
37,43,40,36,43,64.3 ,0,0.000,0.92,23.7,100,,
37,43,40,36,43,64.3 ,0,0.000,1.14,23.3,100,,
37,43,40,36,43,64.3 ,0,0.017,1.09,23.3,100,,
37,43,40,36,43,64.3 ,28,0.000,1.07,23.0,100,,
37,43,40,36,43,64.3 ,167,0.000,1.35,24.8,100,,
37,43,40,37,43,64.2 ,324,0.017,1.21,26.4,98,,
37,43,40,37,43,64.2 ,519,0.000,0.96,27.6,90,,
37,43,40,37,43,64.1 ,640,0.017,1.39,28.4,82,,
37,43,40,37,43,64.0 ,412,0.000,1.11,28.4,77,,
37,43,40,37,43,63.9 ,383,0.000,0.92,28.3,77,,
37,43,40,37,43,63.9 ,398,0.000,0.94,28.3,76,,
37,43,40,37,43,63.8 ,525,0.017,1.10,28.9,74,,
37,43,40,37,43,63.7 ,471,0.000,1.25,29.3,70,,
37,43,40,37,43,63.7 ,318,0.000,1.25,29.0,70,,
37,43,40,37,43,63.7 ,89,0.000,1.33,27.9,77,,
37,43,42,37,43,63.6 ,12,0.017,0.77,26.3,86,,
37,43,42,37,43,63.6 ,0,0.000,0.47,24.8,94,,
37,43,42,37,43,63.6 ,0,0.000,0.47,24.1,97,,
37,43,42,37,43,63.5 ,0,0.000,0.41,23.5,99,,
37,43,42,37,43,63.5 ,0,0.017,0.46,23.4,100,,
37,43,42,37,43,63.5 ,0,0.000,0.50,23.4,100,,
37,43,42,37,43,63.5 ,0,0.000,0.47,23.2,100,,
37,43,42,37,43,63.4 ,0,0.017,0.48,22.9,99,,
37,43,42,37,43,63.4 ,0,0.000,0.60,23.0,100,,
37,43,42,37,43,63.4 ,0,0.000,0.75,22.8,100,,
37,43,42,37,43,63.4 ,0,0.000,0.94,22.4,100,,
37,43,43,37,43,63.3 ,0,0.017,1.02,22.4,100,,
37,43,43,37,43,63.3 ,12,0.000,1.12,22.6,100,,
37,43,43,37,43,63.4 ,37,0.000,1.03,23.0,100,,
37,43,43,37,43,63.4 ,182,0.000,1.08,23.4,100,,
37,43,43,37,43,63.3 ,455,0.017,1.19,25.6,98,,
37,43,43,37,43,63.3 ,588,0.000,1.10,28.1,85,,
37,43,43,37,43,63.2 ,360,0.000,0.78,27.8,85,,
37,43,43,37,43,63.2 ,422,0.000,1.24,28.3,82,,
37,43,43,37,43,63.0 ,309,0.017,1.13,28.6,81,,
37,43,43,37,43,62.9 ,198,0.000,0.80,28.4,83,,
37,43,43,37,43,62.7 ,501,0.000,1.23,29.1,82,,
37,43,43,37,43,62.7 ,267,0.000,1.19,28.6,82,,
37,43,43,37,43,62.7 ,64,0.017,1.05,27.3,84,,
37,43,43,37,43,62.7 ,6,0.000,0.63,26.2,91,,
37,43,43,37,43,62.7 ,0,0.000,0.78,25.3,95,,
37,43,43,37,43,62.8 ,0,0.000,0.48,24.5,99,,
37,47,47,37,43,63.5 ,0,0.017,0.41,23.4,100,,
37,44,45,37,43,63.8 ,0,0.000,0.34,22.7,100,,
37,44,44,37,43,64.0 ,0,0.000,0.36,22.1,100,,
37,44,44,37,43,64.1 ,0,0.000,0.45,21.5,100,,
37,44,44,37,43,64.1 ,0,0.017,0.36,21.2,99,,
37,44,44,37,43,64.2 ,0,0.000,0.39,21.0,100,,
37,44,44,37,43,64.2 ,0,0.000,0.45,20.9,100,,
37,44,44,37,43,64.2 ,0,0.017,0.50,20.9,100,,
37,44,43,37,43,64.2 ,0,0.000,0.63,20.8,100,,
37,44,43,37,43,64.2 ,4,0.000,0.66,20.8,100,,
37,44,43,37,44,64.2 ,24,0.000,0.71,20.9,100,,
37,44,43,37,44,64.2 ,51,0.017,0.62,21.2,98,,
37,44,43,37,43,64.2 ,60,0.000,0.65,21.3,97,,
37,44,43,37,43,64.2 ,75,0.000,0.63,21.0,97,,
37,44,43,37,43,64.1 ,100,0.017,0.57,20.6,95,,
37,44,43,37,43,64.1 ,119,0.000,0.57,20.4,95,,
37,44,43,37,43,64.0 ,106,0.000,0.57,20.1,93,,
37,44,43,37,43,64.0 ,87,0.000,0.57,19.7,93,,
37,44,43,37,43,64.0 ,72,0.017,0.46,19.7,93,,
37,44,43,37,43,64.0 ,43,0.000,0.49,19.5,94,,
37,44,43,37,43,64.0 ,24,0.000,0.50,19.1,96,,
37,44,43,37,43,64.0 ,6,0.000,0.39,18.9,98,,
37,44,43,37,43,64.0 ,0,0.017,1.61,19.0,98,,
37,44,43,36,43,64.0 ,0,0.000,0.52,19.1,96,,
37,44,43,36,43,64.0 ,0,0.000,0.57,19.1,94,,
37,44,43,37,43,64.0 ,0,0.000,0.38,19.1,92,,
37,44,43,37,43,64.0 ,0,0.017,0.44,19.3,92,,
37,44,43,37,43,64.0 ,0,0.000,0.50,19.3,92,,
37,44,43,37,43,64.0 ,0,0.000,0.48,19.3,92,,
37,44,43,37,43,63.9 ,0,0.000,0.31,19.2,93,,
37,44,43,36,43,63.9 ,0,0.017,0.38,18.9,94,,
37,44,43,36,43,63.9 ,0,0.000,0.47,18.6,93,,
37,44,43,36,43,63.9 ,0,0.000,0.59,17.9,96,,
37,44,43,36,43,63.9 ,17,0.000,0.71,17.5,99,,
37,44,43,36,43,63.9 ,181,0.017,0.56,19.4,98,,
37,44,43,37,43,63.8 ,393,0.000,0.56,22.3,86,,
37,44,43,37,43,63.8 ,581,0.000,0.57,23.6,77,,
37,43,42,37,43,63.8 ,727,0.000,0.93,24.5,73,,
37,43,42,37,43,63.7 ,778,0.017,1.25,25.1,70,,
37,43,42,37,43,63.6 ,847,0.000,1.37,25.8,69,,
37,43,42,37,43,63.5 ,667,0.000,0.62,26.2,67,,
37,43,42,37,43,63.5 ,616,0.000,0.78,26.7,64,,
37,43,42,37,43,63.5 ,532,0.017,0.68,27.0,62,,
37,43,42,37,43,63.4 ,342,0.000,0.65,27.5,61,,
37,43,42,37,43,63.3 ,58,0.000,0.32,25.9,67,,
37,44,42,37,43,63.2 ,11,0.000,0.28,23.3,82,,
37,44,42,37,43,63.2 ,0,0.000,0.23,20.8,91,,
37,44,42,37,43,63.2 ,0,0.017,0.18,19.5,95,,
37,44,42,37,43,63.1 ,0,0.000,0.18,18.6,98,,
37,44,42,37,43,63.1 ,0,0.000,0.17,18.0,99,,
37,44,42,37,43,63.0 ,0,0.000,0.13,17.5,100,,
37,44,42,37,43,63.0 ,0,0.017,0.16,17.0,100,,
37,44,42,37,43,62.9 ,0,0.000,0.18,16.5,99,,
37,44,42,37,43,62.9 ,0,0.017,0.14,16.1,100,,
37,44,42,37,43,62.8 ,0,0.000,0.16,15.8,100,,
37,44,42,37,43,62.7 ,0,0.017,0.16,15.4,100,,
37,44,42,37,43,62.7 ,0,0.000,0.19,15.2,100,,
37,44,42,37,43,62.7 ,43,0.017,0.27,15.2,100,,
37,44,42,37,43,62.7 ,218,0.000,0.66,17.1,100,,
37,43,42,37,43,62.7 ,397,0.000,0.85,20.0,98,,
37,43,42,37,43,62.5 ,578,0.017,0.57,23.6,83,,
37,43,42,37,43,62.3 ,717,0.000,0.83,25.5,70,,
37,43,42,37,43,62.2 ,800,0.017,1.30,26.4,66,,
37,43,42,37,43,61.8 ,826,0.000,1.20,27.3,66,,
37,43,42,37,43,61.7 ,812,0.000,1.39,28.4,65,,
37,43,42,37,43,61.4 ,679,0.000,1.49,29.1,64,,
37,43,42,37,43,61.1 ,470,0.000,1.25,29.3,63,,
37,43,42,37,43,61.0 ,203,0.017,0.76,27.8,68,,
37,43,42,37,43,60.9 ,51,0.000,0.51,25.9,74,,
37,44,42,37,43,60.8 ,7,0.000,0.44,24.5,76,,
37,44,42,37,43,60.7 ,0,0.000,0.33,22.7,86,,
37,44,42,37,43,60.6 ,0,0.000,0.25,21.9,93,,
37,44,42,37,43,60.5 ,0,0.017,0.25,21.8,95,,
37,44,42,37,43,60.4 ,0,0.000,0.27,21.6,97,,
37,44,42,37,43,60.3 ,0,0.000,0.24,21.2,98,,
37,44,42,37,43,60.2 ,0,0.000,0.26,20.6,100,,
37,44,42,37,43,60.2 ,0,0.017,0.26,20.2,99,,
37,44,42,37,43,60.1 ,0,0.000,0.28,20.1,100,,
37,44,42,37,43,60.0 ,0,0.000,0.36,20.1,100,,
37,44,42,37,43,59.9 ,0,0.000,0.36,20.2,100,,
37,44,42,37,43,59.9 ,0,0.000,0.45,20.5,100,,
37,44,42,37,43,59.8 ,13,0.017,0.51,20.8,100,,
37,44,42,37,43,59.7 ,113,0.000,0.73,21.8,100,,
37,43,42,37,43,59.6 ,331,0.000,1.11,25.0,93,,
37,43,42,37,43,59.4 ,430,0.000,0.76,26.9,82,,
37,43,42,37,43,59.2 ,320,0.017,0.80,26.4,80,,
37,43,42,37,43,58.8 ,517,0.000,0.92,27.1,79,,
37,43,42,37,43,58.4 ,522,0.000,1.10,27.6,77,,
37,43,42,37,43,57.9 ,734,0.000,1.28,28.8,71,,
102,43,40,38,43,64.8 ,617,0.000,1.09,29.5,67,,
101,43,40,37,43,66.5 ,334,0.000,0.98,29.2,71,,
37,43,42,37,43,65.9 ,204,0.017,1.04,28.1,73,,
37,43,42,37,43,65.5 ,85,0.000,1.07,27.4,75,,
37,43,42,37,43,65.3 ,5,0.000,0.36,25.8,82,,
37,44,42,37,43,65.0 ,0,0.000,0.41,24.4,88,,
37,44,42,37,43,64.9 ,0,0.000,0.69,24.0,89,,
37,44,42,37,43,64.8 ,0,0.000,0.38,23.7,91,,
37,44,41,37,43,64.7 ,0,0.017,0.38,23.5,92,,
37,44,42,37,43,64.6 ,0,0.000,0.35,23.1,95,,
37,44,42,37,43,64.6 ,0,0.000,0.34,22.7,97,,
37,44,42,37,43,64.6 ,0,0.000,0.40,22.2,99,,
37,44,42,37,43,64.5 ,0,0.000,0.35,22.1,100,,
37,44,42,37,43,64.4 ,0,0.017,0.26,21.6,100,,
37,44,42,37,43,64.4 ,0,0.000,0.23,21.0,97,,
37,44,42,37,43,64.3 ,0,0.000,0.25,20.4,97,,
37,44,42,37,43,64.3 ,18,0.000,0.21,19.4,100,,
37,44,42,37,43,64.2 ,125,0.000,0.33,19.9,100,,
37,43,42,37,43,64.2 ,312,0.000,0.41,22.6,88,,
37,43,41,37,43,64.1 ,459,0.000,0.65,23.9,79,,
99,43,40,37,43,65.3 ,678,0.017,1.36,24.9,76,,
99,43,40,37,43,66.3 ,767,0.000,1.04,26.3,72,,
98,43,40,37,43,66.5 ,809,0.000,1.33,27.0,69,,
97,43,40,37,43,66.5 ,773,0.000,1.60,27.5,66,,
94,43,40,37,43,66.6 ,571,0.000,1.26,28.1,65,,
96,43,40,37,43,67.0 ,318,0.000,1.02,27.5,67,,
82,44,48,37,43,67.4 ,178,0.000,0.83,26.8,72,,
57,43,43,37,43,67.6 ,58,0.000,0.56,26.0,76,,
83,44,47,37,43,68.6 ,7,0.000,0.36,24.0,86,,
84,44,47,37,43,69.0 ,0,0.000,0.26,22.7,92,,
85,44,47,37,43,69.5 ,0,0.000,0.18,21.4,96,,
85,44,47,37,43,69.8 ,0,0.000,0.21,20.3,99,,
86,44,47,37,43,70.1 ,0,0.000,0.25,19.3,99,,
86,44,47,37,43,70.2 ,0,0.017,0.22,18.5,100,,
86,44,48,37,43,70.3 ,0,0.000,0.19,17.6,100,,
88,44,52,36,43,70.4 ,0,0.000,0.21,17.0,99,,
88,44,51,36,43,70.5 ,0,0.000,0.28,16.2,100,,
88,44,49,36,43,70.5 ,0,0.000,0.48,16.3,99,,
90,45,48,36,43,70.4 ,0,0.000,0.30,15.5,100,,
93,44,51,36,43,70.3 ,0,0.000,0.27,15.0,100,,
93,44,52,36,43,70.3 ,38,0.000,0.27,14.6,100,,
92,44,51,36,43,70.3 ,216,0.000,0.56,17.0,99,,
92,44,47,37,43,70.3 ,394,0.000,0.48,21.1,78,,
92,44,47,37,43,70.2 ,578,0.000,0.48,23.5,67,,
92,44,47,37,43,70.1 ,720,0.000,0.55,25.2,62,,
92,44,47,37,43,70.2 ,808,0.000,0.79,25.9,59,,
93,44,45,37,43,70.1 ,833,0.000,0.68,26.5,57,,
93,44,45,37,43,70.2 ,785,0.000,0.74,26.9,57,,
93,44,45,37,43,70.1 ,687,0.000,0.82,27.4,56,,
93,44,48,37,43,70.2 ,527,0.000,0.63,27.6,55,,
93,44,49,37,43,70.2 ,335,0.000,0.42,27.8,54,,
93,44,48,37,43,70.2 ,76,0.000,0.26,27.0,56,,
92,44,48,37,43,70.1 ,6,0.000,0.23,22.2,76,,
75,44,43,37,43,69.9 ,0,0.000,0.53,19.4,87,,
75,44,42,36,43,69.8 ,0,0.000,0.21,18.1,91,,
75,44,42,36,43,69.7 ,0,0.000,0.22,17.1,95,,
74,44,42,36,43,69.6 ,0,0.000,0.33,16.3,96,,
73,44,42,36,43,69.5 ,0,0.000,0.27,15.8,98,,
71,44,42,36,43,69.4 ,0,0.000,0.29,15.3,99,,
70,44,41,36,43,69.3 ,0,0.000,0.28,14.9,99,,
69,44,41,36,43,69.2 ,0,0.000,0.25,14.6,100,,
69,44,41,36,43,69.2 ,0,0.017,0.27,14.4,100,,
67,44,41,36,43,69.2 ,0,0.000,0.20,15.0,100,,
68,44,41,36,43,69.1 ,0,0.000,0.22,15.2,100,,
68,44,41,36,43,69.1 ,9,0.000,0.23,15.4,100,,
69,44,41,36,43,69.0 ,76,0.000,0.27,16.0,100,,
69,43,41,36,43,69.0 ,250,0.000,0.57,17.5,100,,
68,43,41,37,43,69.0 ,515,0.000,0.63,21.2,87,,
68,43,40,37,43,68.9 ,658,0.000,0.94,23.8,73,,
51,43,40,37,43,69.1 ,795,0.000,0.91,26.4,64,,
51,43,40,37,43,69.0 ,836,0.000,0.66,28.7,50,,
50,43,40,37,43,69.0 ,805,0.000,0.60,30.1,40,,
51,43,40,37,43,69.1 ,760,0.000,0.32,30.3,37,,
52,43,40,37,43,69.2 ,24,0.000,0.32,24.7,56,,
54,43,40,37,43,69.3 ,6,0.000,0.24,21.3,70,,
54,43,40,37,43,69.3 ,0,0.000,0.30,18.5,81,,
55,43,40,37,43,69.4 ,0,0.000,0.30,17.1,88,,
54,43,40,36,43,69.5 ,0,0.000,0.34,16.2,92,,
54,43,40,36,43,69.5 ,0,0.000,0.47,15.5,95,,
55,43,40,36,43,69.5 ,0,0.000,0.33,15.2,96,,
55,44,40,36,43,69.5 ,0,0.000,0.28,14.8,98,,
55,43,40,36,44,69.6 ,0,0.000,0.27,14.4,99,,
55,44,40,36,44,69.6 ,0,0.000,0.27,14.2,100,,
55,44,40,36,43,69.6 ,0,0.000,0.22,14.1,100,,
55,44,40,36,44,69.7 ,0,0.000,0.19,14.0,100,,
55,44,40,36,43,69.7 ,0,0.000,0.17,14.7,100,,
55,43,40,36,44,69.7 ,29,0.000,0.22,15.5,100,,
56,43,40,36,44,69.8 ,189,0.000,0.47,17.6,99,,
56,43,40,37,43,69.8 ,367,0.000,0.57,20.8,86,,
56,43,40,37,43,69.8 ,565,0.000,1.04,22.5,74,,
56,43,40,37,43,69.8 ,676,0.000,99,23.3,64,,
56,43,40,37,43,69.9 ,583,0.000,95,23.3,63,,
56,43,40,37,43,69.8 ,559,0.000,103,23.8,62,,
56,43,40,37,43,69.9 ,752,0.000,117,24.8,58,,
56,43,39,37,43,69.7 ,698,0.000,106,25.1,56,,
56,43,39,37,43,69.9 ,515,0.000,106,25.6,56,,
64,43,39,37,43,69.9 ,311,0.000,119,25.7,52,,
52,43,39,37,43,69.9 ,83,0.000,116,24.5,52,,
52,43,39,37,43,69.9 ,5,0.000,336,20.2,58,,
52,43,39,37,43,69.8 ,0,0.000,351,17.7,77,,
52,43,39,36,43,69.8 ,0,0.000,37,16.4,87,,
51,43,39,36,43,69.7 ,0,0.000,19,15.6,93,,
51,43,39,36,43,69.7 ,0,0.000,28,15.0,96,,
51,43,39,36,43,69.7 ,0,0.000,10,14.5,98,,
50,43,39,36,43,69.6 ,0,0.000,42,14.0,99,,
49,43,39,36,43,69.6 ,0,0.000,17,14.0,100,,
50,43,39,36,43,69.6 ,0,0.000,40,13.4,99,,
49,43,39,36,43,69.6 ,0,0.000,29,13.0,100,,
48,43,39,36,44,69.5 ,0,0.000,16,12.7,100,,
48,43,39,36,43,69.5 ,0,0.000,58,13.3,100,,
48,43,39,36,44,69.5 ,7,0.000,356,13.9,100,,
48,43,39,36,44,69.5 ,44,0.000,145,14.6,100,,
48,43,39,36,43,69.6 ,183,0.000,194,16.4,100,,
48,43,39,37,43,69.5 ,521,0.000,113,19.7,100,,
47,43,39,37,43,69.4 ,779,0.000,107,23.0,91,,
46,43,39,37,43,69.5 ,847,0.000,94,24.2,66,,
38,43,39,37,43,69.2 ,606,0.000,76,24.1,59,,
38,43,39,37,43,69.2 ,573,0.000,93,23.9,60,,
38,43,39,37,43,69.0 ,430,0.000,106,24.1,62,,
38,43,39,37,43,68.9 ,311,0.000,98,24.1,63,,
38,43,39,37,43,68.9 ,134,0.000,78,23.4,63,,
38,43,40,37,43,68.8 ,44,0.000,79,22.5,63,,
38,43,40,37,43,68.7 ,4,0.000,65,21.6,64,,
38,43,40,37,43,68.6 ,0,0.000,48,20.8,65,,
38,43,40,37,43,68.6 ,0,0.000,351,19.7,68,,
38,43,40,37,43,68.5 ,0,0.000,288,18.8,72,,
38,43,40,37,43,68.4 ,0,0.000,296,18.5,77,,
37,43,40,37,43,68.4 ,0,0.000,48,18.6,78,,
37,43,40,37,43,68.3 ,0,0.000,65,19.2,78,,
37,43,40,37,43,68.3 ,0,0.000,76,19.6,77,,
37,43,40,37,43,68.2 ,0,0.000,306,18.1,76,,
37,43,40,37,43,68.2 ,0,0.000,80,17.6,90,,
37,43,40,37,43,68.4 ,0,0.000,236,17.5,96,,
37,43,40,37,43,68.4 ,0,0.000,71,17.5,99,,
37,43,40,36,43,68.4 ,4,0.000,189,17.5,100,,
37,43,40,37,43,68.4 ,20,0.000,138,17.6,100,,
37,43,41,36,43,68.4 ,48,0.000,102,17.7,100,,
37,43,40,37,43,68.5 ,88,0.000,67,17.8,100,,
37,44,41,37,43,68.4 ,92,0.000,56,18.2,100,,
37,43,40,36,43,68.4 ,139,0.000,29,18.4,100,,
37,43,40,36,43,68.7 ,77,0.000,29,18.5,100,,
37,48,46,36,43,69.4 ,37,0.000,4,18.1,100,,
38,56,59,36,43,70.1 ,26,0.000,80,17.7,100,,
43,58,57,36,43,70.4 ,16,0.000,163,17.2,100,,
42,54,53,36,43,70.4 ,15,0.000,99,17.1,100,,
41,50,51,36,43,70.4 ,7,0.000,238,16.8,100,,
45,62,58,36,43,70.7 ,0,0.000,259,16.7,100,,
55,64,56,36,43,70.7 ,0,0.000,240,16.6,100,,
54,65,57,36,44,70.5 ,0,0.000,259,16.5,100,,
46,59,52,36,44,70.4 ,0,0.000,264,16.6,100,,
51,62,52,36,44,70.5 ,0,0.017,259,16.6,100,,
42,57,47,36,44,70.2 ,0,0.000,260,16.7,100,,
40,51,44,36,44,70.0 ,0,0.000,262,16.6,100,,
40,51,45,36,44,70.0 ,0,0.000,257,16.5,100,,
40,50,44,36,44,70.0 ,0,0.000,253,16.4,99,,
40,51,44,36,44,70.0 ,0,0.000,251,16.3,100,,
40,53,46,36,44,70.3 ,0,0.017,250,16.4,100,,
48,62,52,36,44,70.4 ,0,0.000,262,16.4,100,,
54,64,54,36,44,70.7 ,3,0.000,262,16.5,100,,
81,76,67,30,50,70.8 ,16,0.000,265,16.5,100,,
58,67,51,34,44,70.6 ,25,0.000,276,16.7,100,,
51,63,49,34,44,70.5 ,62,0.000,280,16.9,100,,
47,62,47,34,44,70.5 ,79,0.017,291,17.2,100,,
53,64,48,34,44,70.4 ,92,0.000,293,17.2,100,,
41,60,45,35,44,70.5 ,100,0.000,305,17.4,100,,
41,60,45,35,44,70.4 ,68,0.017,299,17.4,100,,
40,58,45,35,44,70.3 ,50,0.000,305,17.5,100,,
40,56,45,35,44,70.6 ,31,0.000,304,17.3,100,,
49,64,48,35,44,70.5 ,12,0.000,308,17.0,100,,
59,66,50,34,44,70.7 ,3,0.017,319,16.7,100,,
60,68,50,34,46,70.7 ,0,0.000,304,16.3,100,,
52,64,47,34,45,70.5 ,0,0.000,309,16.4,100,,
41,52,44,35,44,70.1 ,0,0.000,316,17.3,100,,
41,47,42,35,44,69.8 ,0,0.017,314,18.5,99,,
41,46,41,35,44,69.5 ,0,0.000,337,19.5,94,,
41,45,41,35,44,69.2 ,0,0.000,293,19.8,84,,
41,45,41,35,44,69.1 ,0,0.017,264,19.7,80,,
41,45,41,35,44,68.9 ,0,0.000,260,19.6,79,,
41,45,41,36,44,68.8 ,0,0.000,251,18.9,77,,
41,45,41,36,44,68.6 ,0,0.000,253,17.3,80,,
41,45,41,36,44,68.6 ,0,0.017,240,16.7,92,,
41,45,41,36,44,68.5 ,0,0.000,245,16.6,98,,
41,45,40,36,44,68.4 ,10,0.000,224,16.5,99,,
40,45,40,36,44,68.3 ,69,0.000,212,17.2,100,,
40,45,40,36,44,68.2 ,142,0.000,201,18.3,100,,
40,45,40,36,44,68.1 ,133,0.017,178,19.0,99,,
40,45,40,36,44,68.1 ,172,0.000,177,18.7,93,,
40,45,40,36,44,68.0 ,201,0.000,218,19.0,94,,
40,45,40,36,44,68.0 ,212,0.000,253,18.5,94,,
40,45,40,36,44,67.9 ,101,0.000,245,18.6,96,,
40,45,40,36,44,67.9 ,96,0.000,216,18.3,97,,
40,45,40,36,44,67.8 ,87,0.000,158,18.5,98,,
40,45,40,36,44,67.8 ,54,0.017,206,18.8,98,,
40,45,40,36,44,67.7 ,25,0.000,216,18.7,96,,
40,45,40,36,44,67.6 ,3,0.000,221,18.5,96,,
40,45,40,36,44,67.6 ,0,0.000,229,18.2,98,,
40,45,40,36,44,67.5 ,0,0.000,240,18.0,100,,
40,45,40,36,44,67.5 ,0,0.000,246,17.8,100,,
40,45,40,36,44,67.4 ,0,0.000,251,17.1,100,,
40,45,40,36,44,67.4 ,0,0.000,242,17.0,100,,
40,45,40,36,44,67.3 ,0,0.000,247,16.9,100,,
40,45,40,36,44,67.2 ,0,0.000,242,16.7,100,,
40,45,40,36,44,67.2 ,0,0.000,233,16.7,99,,
40,45,40,36,44,67.1 ,0,0.000,247,16.1,100,,
40,45,40,36,44,67.1 ,0,0.017,244,16.0,100,,
40,45,40,36,44,67.0 ,0,0.000,249,15.7,100,,
40,45,40,36,44,66.9 ,8,0.000,256,15.1,100,,
40,45,40,36,44,66.9 ,66,0.000,263,14.9,100,,
40,45,40,36,44,66.8 ,336,0.000,217,16.3,100,,
40,45,40,36,44,66.7 ,586,0.000,197,18.7,100,,
40,45,40,36,44,66.6 ,699,0.000,165,20.7,94,,
40,44,40,36,44,66.6 ,782,0.000,120,22.2,80,,
40,44,40,36,44,66.5 ,828,0.000,112,23.4,70,,
40,44,40,36,44,66.4 ,786,0.000,117,24.3,62,,
40,44,40,36,44,66.4 ,573,0.000,108,24.8,57,,
40,44,40,36,44,66.3 ,389,0.017,114,24.4,53,,
40,44,40,36,44,66.2 ,244,0.034,171,24.1,51,,
40,44,40,36,44,66.1 ,76,0.017,268,21.5,56,,
40,45,40,36,44,66.1 ,6,0.017,6,18.4,72,,
40,45,40,36,44,66.0 ,0,0.000,2,16.1,83,,
40,45,40,36,44,65.9 ,0,0.017,351,15.0,91,,
40,44,40,36,44,65.8 ,0,0.000,4,14.1,95,,
40,44,40,36,44,65.8 ,0,0.017,13,13.4,98,,
40,44,40,36,44,65.7 ,0,0.000,353,12.8,99,,
40,44,40,36,44,65.6 ,0,0.000,18,12.4,100,,
40,44,40,36,44,65.6 ,0,0.000,22,11.9,100,,
40,44,40,36,44,65.5 ,0,0.017,24,11.6,99,,
40,44,40,36,44,65.4 ,0,0.000,27,11.1,100,,
40,44,40,36,44,65.3 ,0,0.000,12,10.9,100,,
40,44,40,36,44,65.3 ,0,0.000,19,10.9,100,,
40,44,40,36,44,65.2 ,30,0.000,77,10.8,100,,
40,44,40,36,44,65.2 ,195,0.017,208,12.5,100,,
40,44,40,36,44,65.2 ,321,0.000,189,15.5,100,,
40,44,39,36,44,65.1 ,472,0.000,144,19.0,100,,
40,44,39,36,44,65.0 ,634,0.017,119,21.4,91,,
40,44,39,36,44,64.9 ,700,0.000,109,22.6,76,,
40,44,39,36,44,64.9 ,631,0.000,107,23.5,69,,
40,44,39,36,44,64.8 ,461,0.000,106,23.6,665,,
40,44,39,36,44,64.8 ,373,0.000,110,23.5,61,,
40,44,39,36,44,64.7 ,300,0.017,126,23.3,59,,
40,44,39,36,44,64.6 ,165,0.000,121,22.9,59,,
40,44,39,36,44,64.6 ,40,0.000,239,21.3,65,,
40,44,40,36,44,64.5 ,3,0.000,356,19.0,80,,
40,44,40,36,44,64.5 ,0,0.000,351,17.4,88,,
40,44,40,36,44,64.4 ,0,0.017,39,16.7,93,,
40,44,40,36,44,64.3 ,0,0.000,40,15.8,97,,
40,44,40,36,44,64.2 ,0,0.000,55,15.1,99,,
40,44,40,36,44,64.2 ,0,0.000,40,14.6,99,,
40,44,40,36,44,64.1 ,0,0.000,45,14.4,100,,
40,44,40,36,44,64.1 ,0,0.000,82,14.6,100,,
40,44,40,36,44,64.1 ,0,0.000,77,14.8,99,,
40,44,40,36,44,64.0 ,0,0.017,78,14.6,100,,
40,44,40,36,44,64.0 ,0,0.000,81,14.5,100,,
40,44,40,36,44,64.0 ,0,0.000,238,14.5,100,,
40,44,40,36,44,63.9 ,20,0.000,222,14.3,100,,
40,44,40,36,44,64.0 ,127,0.000,191,15.8,100,,
40,44,39,36,44,64.0 ,347,0.000,217,19.5,100,,
40,43,39,36,44,63.9 ,529,0.017,185,22.9,97,,
40,43,39,36,44,63.8 ,363,0.000,116,24.7,82,,
40,43,39,36,44,63.9 ,244,0.000,115,25.6,73,,
40,43,39,36,44,63.8 ,351,0.000,109,26.1,69,,
40,43,39,37,43,63.8 ,543,0.000,113,26.4,97,,
40,43,39,37,43,63.7 ,416,0.000,124,27.0,96,,
40,43,39,37,43,63.7 ,220,0.000,123,26.5,63,,
40,43,39,37,43,63.7 ,93,0.000,134,26.0,65,,
40,43,39,37,43,63.6 ,16,0.000,168,23.9,68,,
40,44,39,36,44,63.7 ,1,0.000,174,22.4,81,,
40,44,39,36,44,63.7 ,0,0.017,157,20.8,90,,
40,44,39,36,44,63.6 ,0,0.000,149,19.4,94,,
40,44,39,36,44,63.6 ,0,0.000,174,18.7,97,,
40,44,39,36,44,63.6 ,0,0.000,221,18.0,98,,
40,44,39,36,44,63.5 ,0,0.000,144,17.6,100,,
40,44,39,36,44,63.5 ,0,0.000,137,17.7,100,,
40,44,39,36,44,63.5 ,0,0.000,197,17.5,100,,
40,44,39,36,44,63.5 ,0,0.000,185,17.6,99,,
40,44,39,36,44,63.4 ,0,0.017,207,17.9,100,,
40,44,39,36,44,63.4 ,0,0.000,224,18.0,100,,
40,44,39,36,44,63.4 ,0,0.000,231,18.0,100,,
40,44,39,36,44,63.4 ,4,0.000,225,17.8,100,,
40,44,39,36,44,63.4 ,43,0.000,223,19.1,100,,
40,44,39,36,44,63.4 ,69,0.000,239,22.1,100,,
40,43,39,36,44,63.3 ,108,0.017,212,23.1,92,,
40,43,39,37,44,63.3 ,146,0.000,118,24.3,84,,
40,43,39,37,44,63.3 ,189,0.000,115,24.5,77,,
40,43,39,37,44,63.3 ,172,0.000,134,25.1,74,,
40,43,39,37,44,63.2 ,254,0.000,127,25.1,72,,
40,43,39,37,44,63.2 ,147,0.000,116,25.2,74,,
40,43,39,37,44,63.2 ,60,0.000,119,24.4,75,,
40,43,39,37,44,63.0 ,36,0.000,116,24.2,82,,
40,43,39,37,44,63.1 ,12,0.017,165,23.0,83,,
40,44,39,36,44,63.1 ,0,0.000,178,21.9,90,,
40,44,39,36,44,63.1 ,0,0.000,183,21.3,97,,
40,44,39,36,44,63.2 ,0,0.000,231,21.2,100,,
40,44,39,36,44,63.2 ,0,0.000,187,21.1,100,,
40,44,39,36,44,63.4 ,0,0.000,219,21.1,100,,
40,44,39,36,44,63.5 ,0,0.000,199,21.0,100,,
40,44,39,36,44,63.9 ,0,0.000,218,20.8,100,,
40,44,39,36,44,63.9 ,0,0.000,214,20.7,100,,
40,44,39,36,44,63.9 ,0,0.017,242,20.8,99,,
40,44,39,36,44,64.0 ,0,0.000,238,20.9,100,,
40,44,39,36,44,64.0 ,0,0.000,239,20.9,100,,
40,44,39,36,44,64.0 ,0,0.000,230,20.8,100,,
40,44,39,36,44,64.0 ,0,0.000,233,20.9,100,,
40,44,39,36,44,64.0 ,4,0.000,236,20.9,100,,
40,44,39,36,44,64.0 ,15,0.017,234,21.3,100,,
40,44,39,36,44,64.0 ,44,0.000,234,21.9,100,,
40,44,39,36,44,64.0 ,68,0.000,236,22.9,100,,
40,43,39,36,44,64.0 ,114,0.000,212,24.2,100,,
40,43,39,36,44,64.0 ,121,0.000,195,25.2,98,,
40,43,39,36,44,64.0 ,96,0.000,194,25.8,92,,
40,43,39,36,44,64.0 ,67,0.017,144,25.7,86,,
40,43,39,37,44,64.0 ,97,0.000,211,26.1,87,,
40,43,39,37,44,64.0 ,100,0.000,235,25.7,88,,
40,43,39,36,44,64.0 ,9,0.000,206,24.5,89,,
40,43,39,36,44,64.0 ,1,0.000,187,23.3,91,,
40,43,39,36,44,64.0 ,0,0.000,168,22.7,96,,
40,43,39,36,44,64.0 ,0,0.000,164,22.6,99,,
40,43,39,36,44,64.0 ,0,0.000,165,22.5,100,,
40,43,39,36,44,63.9 ,0,0.017,216,22.0,100,,
40,43,39,36,44,63.9 ,0,0.000,199,21.7,100,,
40,43,39,36,44,63.9 ,0,0.000,229,21.5,100,,
40,43,39,36,44,63.9 ,0,0.000,230,21.4,100,,
40,43,39,36,44,63.9 ,0,0.000,229,21.3,99,,
40,43,39,36,44,63.9 ,0,0.000,225,21.3,100,,
40,44,39,36,44,63.9 ,0,0.000,228,21.0,100,,
40,43,39,36,44,63.9 ,0,0.000,226,21.3,100,,
40,43,39,36,44,63.8 ,2,0.017,225,21.4,100,,
40,43,39,36,44,63.8 ,24,0.000,223,21.8,100,,
40,43,39,36,44,63.8 ,59,0.000,215,23.0,100,,
40,43,39,37,44,63.7 ,98,0.000,195,24.8,100,,
40,43,39,37,44,63.7 ,161,0.000,166,26.7,96,,
40,43,39,37,44,63.8 ,168,0.000,196,28.0,87,,
40,43,39,37,43,63.8 ,276,0.000,150,28.5,79,,
40,43,39,37,43,63.8 ,206,0.000,170,28.4,75,,
40,43,39,37,43,63.7 ,315,0.000,127,28.8,71,,
40,43,39,37,43,63.7 ,204,0.000,220,28.4,73,,
40,43,39,37,43,63.6 ,226,0.000,241,27.6,76,,
40,43,39,37,43,63.6 ,57,0.000,186,26.3,77,,
40,43,39,37,43,63.6 ,1,0.000,156,24.2,84,,
40,43,39,36,43,63.5 ,0,0.017,155,23.0,91,,
40,43,39,36,44,63.4 ,0,0.000,160,21.8,95,,
40,43,39,36,44,63.4 ,0,0.000,152,21.1,99,,
40,43,39,36,44,63.4 ,0,0.000,163,20.7,100,,
40,43,39,36,44,63.4 ,0,0.000,150,20.7,100,,
40,43,39,36,44,63.3 ,0,0.000,197,21.0,100,,
40,43,39,36,44,63.3 ,0,0.000,189,21.0,100,,
40,43,39,36,44,63.3 ,0,0.000,188,20.8,99,,
40,43,39,36,44,63.2 ,0,0.000,198,20.7,100,,
40,43,39,36,44,63.2 ,0,0.000,195,20.5,100,,
40,43,39,36,44,63.2 ,0,0.000,219,20.4,100,,
40,43,39,36,44,63.1 ,2,0.000,224,20.2,100,,
40,43,39,36,44,63.1 ,17,0.000,227,20.9,100,,
40,43,39,36,44,63.1 ,46,0.000,220,22.0,100,,
40,43,39,37,44,63.0 ,78,0.000,184,23.7,98,,
40,43,39,37,44,63.0 ,102,0.017,199,24.8,89,,
40,43,39,37,44,62.9 ,108,0.000,203,25.9,81,,
40,43,39,37,44,62.9 ,127,0.000,167,25.8,77,,
40,43,39,37,44,63.0 ,80,0.000,233,25.2,80,,
40,43,39,37,44,62.8 ,229,0.000,190,25.7,88,,
40,43,39,37,43,62.7 ,269,0.000,164,26.9,90,,
40,42,39,37,43,62.7 ,263,0.000,192,27.4,82,,
40,43,39,37,43,62.6 ,70,0.000,231,26.2,78,,
40,43,39,37,43,62.6 ,1,0.017,217,24.4,83,,
40,43,39,37,43,62.6 ,0,0.000,125,23.2,90,,
40,43,39,37,44,62.6 ,0,0.000,134,23.0,96,,
40,43,39,37,44,62.5 ,0,0.000,128,23.1,98,,
40,43,39,37,44,62.5 ,0,0.017,156,23.1,99,,
40,43,39,37,44,62.5 ,0,0.000,181,23.0,100,,
40,43,39,37,44,62.5 ,0,0.017,181,22.6,100,,
40,43,39,36,44,62.5 ,0,0.000,166,22.2,100,,
40,43,39,37,44,62.4 ,0,0.000,202,22.3,99,,
40,43,39,37,44,62.5 ,0,0.017,189,22.3,100,,
40,43,39,36,44,62.4 ,0,0.000,191,22.1,100,,
40,43,39,37,44,62.4 ,0,0.000,224,22.0,100,,
40,43,39,36,44,62.5 ,0,0.017,228,21.8,100,,
40,43,39,36,44,62.4 ,0,0.068,229,21.7,100,,
40,43,39,36,44,62.7 ,0,0.051,228,21.6,100,,
40,43,39,36,44,63.4 ,4,0.034,224,21.6,100,,
40,43,39,36,44,63.8 ,14,0.017,229,22.0,100,,
40,43,39,36,44,64.0 ,48,0.017,222,22.6,100,,
40,43,39,36,44,64.1 ,42,0.017,222,23.3,100,,
40,43,39,36,44,64.5 ,17,0.017,234,22.7,100,,
40,43,39,36,44,64.9 ,12,0.017,238,22.1,100,,
40,43,39,36,44,64.9 ,11,0.017,228,21.6,100,,
40,43,39,36,44,65.1 ,6,0.017,228,21.3,100,,
40,43,39,36,44,65.0 ,3,0.034,212,21.1,100,,
40,42,39,36,44,64.9 ,0,0.017,223,20.7,100,,
40,42,39,36,44,64.8 ,0,0.017,236,20.1,100,,
40,42,39,36,44,64.7 ,0,0.017,241,19.9,100,,
40,42,39,36,44,64.7 ,0,0.017,239,19.7,100,,
40,42,39,36,44,64.6 ,0,0.017,236,19.8,100,,
40,42,39,36,44,64.6 ,0,0.017,240,19.8,100,,
40,42,39,36,44,64.5 ,0,0.017,231,19.8,100,,
40,42,39,36,44,64.6 ,0,0.000,232,19.8,100,,
40,42,39,36,44,64.6 ,0,0.017,237,19.8,100,,
40,42,39,36,44,64.7 ,0,0.034,241,19.7,100,,
40,42,39,36,44,64.7 ,0,0.034,239,19.5,100,,
40,42,39,36,44,65.2 ,0,0.034,237,19.2,100,,
40,42,39,36,44,65.5 ,0,0.034,232,19.2,100,,
40,43,39,36,44,65.8 ,0,0.034,238,19.3,100,,
40,48,40,36,44,66.0 ,1,0.034,231,19.3,100,,
40,55,41,36,44,66.4 ,1,0.034,233,19.6,100,,
77,82,57,36,44,69.2 ,1,0.017,238,19.7,100,,
84,84,60,36,46,70.0 ,0,0.034,235,20.0,100,,
92,80,66,31,57,70.5 ,1,0.034,229,20.2,100,,
108,102,78,19,70,70.8 ,8,0.017,235,20.7,100,,
88,82,55,22,66,70.8 ,10,0.034,239,21.1,100,,
59,67,51,29,54,70.6 ,4,0.017,240,21.0,100,,
132,124,74,1,109,71.4 ,1,0.017,232,21.2,100,,
117,106,64,1,103,71.1 ,0,0.017,234,21.4,100,,
86,75,52,8,91,70.5 ,0,0.017,212,21.9,100,,
71,71,48,15,74,70.6 ,0,0.017,209,22.4,100,,
42,56,45,25,54,70.3 ,0,0.017,141,22.8,100,,
46,58,46,23,57,70.5 ,0,0.000,226,22.8,100,,
40,54,45,26,48,70.2 ,0,0.017,232,22.6,100,,
40,44,44,34,44,70.1 ,0,0.000,148,23.0,100,,
40,44,44,34,44,70.0 ,0,0.017,243,22.9,100,,
40,43,44,35,44,69.7 ,0,0.017,251,23.3,100,,
40,43,43,35,44,69.6 ,0,0.017,240,23.6,100,,
40,43,43,35,44,69.5 ,0,0.017,234,23.3,100,,
40,43,43,35,44,69.3 ,0,0.017,220,22.8,100,,
40,43,43,35,44,69.2 ,0,0.000,224,22.5,100,,
40,42,43,35,44,69.0 ,13,0.017,249,22.5,100,,
39,42,42,35,44,68.8 ,158,0.017,243,22.8,98,,
39,42,42,35,44,68.6 ,199,0.000,243,23.6,93,,
39,42,42,35,44,68.6 ,458,0.017,245,24.8,8,,
39,42,42,36,44,68.5 ,635,0.017,226,26.8,83,,
39,42,42,36,44,68.3 ,684,0.017,242,27.4,75,,
39,42,42,36,44,68.3 ,640,0.017,250,27.0,71,,
39,42,42,36,43,68.2 ,773,0.000,247,28.0,69,,
39,42,42,36,43,68.2 ,392,0.017,245,26.9,64,,
39,42,42,36,43,68.2 ,299,0.017,243,27.0,67,,
39,42,42,36,43,68.1 ,160,0.000,225,26.4,67,,
39,42,42,36,43,68.0 ,31,0.017,190,24.1,69,,
39,42,42,36,43,68.0 ,1,0.000,121,22.1,81,,
39,42,42,36,43,67.9 ,0,0.017,123,20.4,89,,
39,42,42,36,43,67.9 ,0,0.000,133,19.6,96,,
39,42,42,36,43,67.8 ,0,0.017,146,18.9,99,,
39,42,42,36,43,67.7 ,0,0.000,160,18.4,100,,
39,42,42,36,44,67.7 ,0,0.017,148,18.0,100,,
39,42,42,36,44,67.6 ,0,0.000,203,17.6,100,,
39,42,42,36,44,67.5 ,0,0.000,163,17.2,100,,
39,42,42,36,44,67.5 ,0,0.017,186,16.8,99,,
40,42,42,36,44,67.4 ,0,0.000,191,16.5,100,,
40,42,42,36,44,67.4 ,0,0.017,189,16.1,100,,
40,42,42,36,44,67.3 ,0,0.000,190,15.9,100,,
40,42,42,36,44,67.3 ,10,0.017,182,15.9,100,,
39,42,42,36,44,67.2 ,149,0.000,198,16.9,100,,
39,42,42,36,44,67.2 ,336,0.017,217,19.7,100,,
39,41,42,36,44,67.2 ,500,0.000,199,23.2,100,,
39,41,42,36,44,67.1 ,636,0.017,144,25.6,92,,
39,41,41,36,44,67.1 ,718,0.017,117,26.7,76,,
39,41,41,36,43,67.1 ,738,0.000,114,27.1,67,,
39,41,41,36,43,66.9 ,690,0.017,125,27.1,64,,
39,41,41,36,43,66.9 ,542,0.000,216,26.6,65,,
39,41,41,36,43,67.0 ,410,0.017,205,26.2,72,,
39,41,41,36,43,66.9 ,216,0.017,238,25.3,72,,
39,42,42,36,44,66.9 ,35,0.000,193,23.1,71,,
39,42,42,36,44,66.9 ,1,0.000,111,20.9,75,,
39,42,42,36,44,66.8 ,0,0.017,122,19.6,87,,
39,42,42,36,44,66.8 ,0,0.000,116,19.3,94,,
39,42,42,36,44,66.7 ,0,0.017,116,19.7,97,,
39,42,42,36,44,66.7 ,0,0.000,114,20.2,99,,
39,42,42,36,44,66.7 ,0,0.017,112,20.3,99,,
39,42,42,36,44,66.6 ,0,0.000,139,20.1,100,,
39,42,42,36,44,66.6 ,0,0.017,162,20.1,100,,
39,42,42,36,44,66.6 ,0,0.000,140,19.9,99,,
39,42,42,36,44,66.5 ,0,0.017,190,19.4,100,,
39,42,42,36,44,66.4 ,0,0.000,200,18.9,100,,
39,42,42,36,44,66.4 ,0,0.017,208,18.4,100,,
39,42,42,36,44,66.4 ,11,0.000,211,18.0,100,,
39,42,42,36,44,66.3 ,119,0.000,215,18.8,100,,
39,42,42,36,44,66.3 ,258,0.017,214,21.3,100,,
39,41,41,36,44,66.3 ,383,0.017,214,23.5,99,,
39,41,42,36,44,66.1 ,339,0.000,183,23.7,88,,
39,41,41,36,44,66.2 ,432,0.017,140,24.3,84,,
39,41,41,36,44,66.2 ,355,0.000,139,24.3,78,,
39,41,41,36,44,66.2 ,347,0.017,156,24.9,76,,
39,41,41,36,44,66.2 ,339,0.017,137,25.3,74,,
39,41,41,36,44,66.1 ,295,0.000,127,25.1,72,,
39,41,41,36,44,66.1 ,165,0.000,146,25.2,71,,
39,42,42,36,44,66.0 ,43,0.017,142,23.5,72,,
39,42,42,36,44,66.0 ,1,0.000,270,20.6,79,,
39,42,42,36,44,65.9 ,0,0.017,206,19.6,91,,
39,42,42,36,44,65.8 ,0,0.000,185,19.3,93,,
39,42,42,36,44,65.7 ,0,0.000,133,19.2,95,,
39,42,42,36,44,65.7 ,0,0.017,138,19.1,97,,
39,42,42,36,44,65.6 ,0,0.000,142,19.3,91,,
39,42,42,36,44,65.6 ,0,0.000,103,19.2,89,,
39,42,42,36,44,65.5 ,0,0.017,80,18.8,89,,
39,42,42,36,44,65.4 ,0,0.000,32,18.3,85,,
39,42,42,36,44,65.4 ,0,0.000,34,18.0,85,,
39,42,42,36,44,65.3 ,0,0.017,46,17.6,84,,
39,42,42,36,44,65.3 ,0,0.000,41,17.3,84,,
39,42,42,36,44,65.2 ,7,0.000,31,17.1,83,,
39,42,42,36,44,65.2 ,105,0.017,40,17.3,83,,
39,42,42,36,44,65.1 ,230,0.000,80,18.6,84,,
39,41,42,36,44,65.1 ,324,0.017,77,18.7,82,,
39,41,41,36,44,65.0 ,474,0.000,87,19.9,77,,
39,41,41,36,44,65.0 ,497,0.000,93,19.9,72,,
39,41,41,36,44,64.9 ,553,0.017,100,21.0,70,,
39,41,41,36,44,64.9 ,638,0.000,105,21.6,66,,
39,41,41,36,44,64.8 ,388,0.000,91,21.7,63,,
39,41,41,36,44,64.8 ,298,0.017,95,21.7,63,,
39,41,42,36,44,64.8 ,126,0.000,87,21.0,64,,
39,42,42,36,44,64.7 ,39,0.000,332,19.3,67,,
39,42,42,36,44,64.6 ,1,0.000,319,17.1,77,,
39,42,42,36,44,64.5 ,0,0.017,30,15.6,87,,
39,42,42,36,44,64.4 ,0,0.000,352,14.5,93,,
39,42,42,36,44,64.4 ,0,0.000,18,14.0,96,,
39,42,42,36,44,64.4 ,0,0.000,32,13.6,98,,
39,42,42,36,44,64.3 ,0,0.017,51,13.9,99,,
39,42,42,36,44,64.3 ,0,0.000,28,14.3,100,,
39,42,42,36,44,64.2 ,0,0.000,7,14.4,100,,
39,42,42,36,44,64.2 ,0,0.000,355,14.5,99,,
39,42,42,36,44,64.2 ,0,0.017,310,14.6,100,,
39,42,42,36,44,64.1 ,0,0.000,329,14.6,98,,
39,42,42,36,44,64.1 ,0,0.000,299,14.6,98,,
39,42,42,36,44,64.1 ,2,0.017,293,14.7,100,,
39,42,42,36,44,64.0 ,12,0.000,301,14.6,100,,
39,42,42,36,44,64.0 ,74,0.000,290,14.9,99,,
39,42,42,36,44,64.1 ,95,0.017,37,15.5,100,,
39,42,42,36,44,64.1 ,181,0.000,85,16.1,100,,
39,42,42,36,44,64.1 ,236,0.000,247,17.2,100,,
39,42,42,36,44,64.1 ,68,0.017,56,17.6,97,,
39,42,42,36,44,64.1 ,45,0.000,62,16.9,90,,
39,42,42,36,44,64.2 ,36,0.017,266,16.3,95,,
39,42,42,36,44,64.2 ,24,0.000,237,16.1,98,,
39,42,42,36,44,64.6 ,14,0.017,244,16.0,100,,
39,42,42,36,44,64.8 ,3,0.000,202,16.0,100,,
39,42,42,36,44,64.8 ,0,0.017,109,16.1,100,,
39,42,42,36,44,64.8 ,0,0.000,251,16.2,100,,
39,42,42,36,44,64.7 ,0,0.017,216,16.3,100,,
39,42,42,36,44,64.6 ,0,0.017,258,15.6,100,,
39,42,42,36,44,64.5 ,0,0.000,187,15.4,100,,
39,42,42,36,44,64.5 ,0,0.017,229,15.3,100,,
39,42,42,36,44,64.4 ,0,0.000,233,14.9,100,,
39,42,42,36,44,64.4 ,0,0.017,211,14.8,100,,
39,42,42,36,44,64.4 ,0,0.017,203,15.0,100,,
39,42,42,36,44,64.3 ,0,0.000,212,15.1,100,,
39,42,42,36,44,64.2 ,0,0.017,226,15.0,100,,
39,42,42,36,44,64.2 ,0,0.000,241,15.0,100,,
39,42,42,36,44,64.2 ,5,0.017,235,14.7,100,,
39,42,42,36,44,64.1 ,45,0.000,241,14.8,100,,
39,42,42,36,44,64.1 ,129,0.017,221,15.3,100,,
39,42,41,36,44,64.1 ,330,0.000,236,16.9,100,,
39,41,41,36,44,64.0 ,558,0.017,161,18.9,100,,
39,41,41,36,44,64.0 ,697,0.017,113,20.2,90,,
39,41,41,36,44,64.0 ,624,0.017,203,21.7,77,,
39,41,41,36,44,64.0 ,619,0.000,165,22.4,66,,
39,41,41,36,44,63.9 ,610,0.017,199,23.7,61,,
39,41,41,36,44,64.0 ,380,0.017,222,23.8,54,,
39,41,41,36,44,64.0 ,229,0.000,225,22.9,51,,
39,42,41,36,44,63.9 ,52,0.017,283,19.5,54,,
39,42,42,36,44,63.8 ,1,0.000,19,15.6,71,,
39,42,42,36,44,63.7 ,0,0.017,329,13.4,86,,
39,42,42,36,44,63.7 ,0,0.000,15,12.6,92,,
39,42,42,36,44,63.6 ,0,0.017,352,10.6,90,,
39,42,42,36,44,63.5 ,0,0.000,350,9.5,94,,
39,42,42,35,44,63.5 ,0,0.000,7,8.6,97,,
39,42,42,35,44,63.4 ,0,0.017,326,7.9,98,,
40,42,42,35,44,63.4 ,0,0.000,355,7.4,98,,
39,41,41,36,44,63.3 ,523,0.000,237,14.4,95,,
39,41,41,36,44,63.3 ,662,0.017,139,17.2,72,,
39,41,41,36,44,63.3 ,746,0.017,152,19.1,56,,
39,41,41,36,44,63.2 ,770,0.000,103,20.8,47,,
39,41,41,36,44,63.2 ,724,0.017,113,21.7,39,,
39,41,41,36,44,63.1 ,573,0.000,126,21.7,35,,
39,41,41,36,44,63.1 ,445,0.017,119,22.0,33,,
39,41,41,36,44,63.1 ,249,0.000,190,21.5,32,,
39,42,42,36,44,63.0 ,54,0.017,318,17.9,40,,
39,42,42,36,44,62.9 ,0,0.000,351,13.3,61,,
39,42,42,36,44,62.8 ,0,0.000,23,11.0,79,,
39,42,42,36,44,62.7 ,0,0.000,6,10.1,88,,
39,42,42,36,44,62.7 ,0,0.017,5,9.2,93,,
39,42,42,36,44,62.6 ,0,0.000,20,8.6,96,,
39,42,42,36,44,62.6 ,0,0.000,19,7.9,98,,
39,42,42,36,44,62.5 ,0,0.000,2,7.5,99,,
39,42,42,35,44,62.4 ,0,0.017,3,7.0,100,,
39,42,42,35,44,62.4 ,0,0.000,16,6.6,99,,
39,42,42,35,44,62.3 ,0,0.017,17,6.4,100,,
39,42,42,35,44,62.3 ,0,0.017,15,6.2,100,,
39,42,42,35,44,62.2 ,0,0.017,27,6.4,100,,
39,42,42,35,44,62.2 ,6,0.017,19,6.3,100,,
39,42,42,35,44,62.2 ,162,0.017,238,7.2,100,,
39,42,42,36,44,62.2 ,334,0.017,213,11.0,100,,
39,41,41,36,44,62.2 ,491,0.017,178,15.1,100,,
39,41,41,36,44,62.2 ,601,0.034,131,18.7,88,,
39,41,41,36,44,62.0 ,705,0.034,110,20.9,64,,
39,41,41,36,44,61.9 ,727,0.034,168,22.3,55,,
39,41,41,36,44,61.7 ,680,0.017,138,23.0,48,,
39,41,41,36,44,61.7 ,567,0.034,181,23.8,45,,
39,41,41,36,44,61.6 ,405,0.017,114,23.5,44,,
39,41,41,36,44,61.6 ,215,0.017,212,23.3,45,,
39,42,42,36,44,61.3 ,0,0.017,10,14.7,82,,
39,42,42,36,44,61.2 ,0,0.000,16,13.7,90,,
39,42,42,36,44,61.1 ,0,0.017,0,13.2,84,,
39,42,42,36,44,61.0 ,0,0.017,46,13.1,96,,
39,42,42,36,44,61.0 ,0,0.000,69,13.8,98,,
39,42,42,36,44,61.0 ,0,0.017,56,14.3,99,,
39,42,42,36,44,60.9 ,0,0.017,2,14.3,99,,
39,42,42,36,44,60.9 ,0,0.000,18,13.0,99,,
39,42,42,36,44,60.8 ,0,0.017,18,12.2,100,,
39,42,42,36,44,60.7 ,0,0.000,3,11.7,100,,
39,42,42,36,44,60.6 ,0,0.017,356,11.4,100,,
39,42,42,36,44,60.5 ,5,0.000,18,11.2,100,,
39,42,42,36,44,60.4 ,125,0.017,219,12.4,100,,
39,41,41,36,44,60.4 ,307,0.000,199,15.7,100,,
39,41,41,36,44,60.3 ,479,0.017,142,19.4,95,,
39,41,41,36,44,60.2 ,616,0.017,135,22.1,76,,
39,41,41,36,44,60.1 ,698,0.034,110,23.9,61,,
39,41,41,36,44,59.8 ,719,0.017,108,24.9,49,,
39,41,41,36,44,59.6 ,674,0.034,118,25.9,40,,
39,41,41,36,43,59.2 ,572,0.017,113,26.2,36,,
39,41,41,37,43,59.0 ,414,0.017,117,26.1,33,,
39,41,41,36,43,58.8 ,225,0.017,124,25.7,34,,
39,41,41,36,43,58.6 ,63,0.017,189,23.4,38,,
39,42,42,36,44,57.9 ,0,0.017,317,15.3,86,,
39,42,42,36,44,57.7 ,0,0.017,292,16.0,87,,
39,42,42,36,44,57.5 ,0,0.000,308,16.8,83,,
39,42,42,36,44,57.4 ,0,0.017,30,17.6,78,,
39,42,42,36,44,57.2 ,0,0.017,61,17.4,74,,
39,42,42,36,44,57.0 ,0,0.000,38,16.8,74,,
39,42,42,36,44,56.9 ,0,0.017,315,16.7,75,,
39,42,42,36,44,56.7 ,0,0.017,307,16.9,76,,
39,42,42,36,44,56.6 ,0,0.000,34,16.8,76,,
39,42,42,36,44,56.4 ,0,0.017,286,16.7,76,,
39,42,42,36,44,56.2 ,5,0.000,15,16.4,77,,
39,41,41,36,44,56.2 ,115,0.017,108,18.0,79,,
39,41,41,36,44,56.0 ,288,0.017,44,20.1,76,,
39,41,41,36,44,55.8 ,435,0.017,75,21.7,68,,
39,41,41,36,44,55.7 ,568,0.000,97,22.8,61,,
39,41,41,36,44,55.4 ,663,0.017,73,23.5,55,,
39,41,41,36,44,55.0 ,704,0.017,102,24.4,51,,
39,41,41,36,44,54.9 ,665,0.017,97,24.9,47,,
39,41,41,36,43,54.4 ,557,0.017,88,24.9,44,,
39,41,41,37,44,51.6 ,395,0.000,95,24.6,43,,
39,41,41,36,43,48.6 ,208,0.017,69,23.9,44,,
39,41,41,36,44,46.6 ,44,0.017,76,22.3,43,,
39,41,41,36,44,45.3 ,0,0.000,2,20.1,46,,
39,42,42,36,44,44.1 ,0,0.017,351,17.5,51,,
39,42,42,36,44,43.2 ,0,0.000,30,16.1,63,,
39,42,42,36,44,42.4 ,0,0.017,12,17.1,70,,
39,42,42,36,44,41.7 ,0,0.000,343,16.6,62,,
39,42,42,36,44,40.9 ,0,0.000,46,16.1,62,,
39,42,42,36,44,40.1 ,0,0.017,28,15.7,63,,
39,42,42,36,44,39.2 ,0,0.000,26,14.8,63,,
39,42,42,36,44,38.6 ,0,0.017,20,13.8,66,,
39,42,42,36,44,38.0 ,0,0.000,357,13.9,70,,
39,42,42,36,44,37.3 ,0,0.000,319,14.2,69,,
39,42,42,36,44,36.7 ,0,0.017,345,13.6,68,,
39,42,42,36,44,36.2 ,6,0.000,356,13.1,70,,
39,41,42,36,44,35.9 ,123,0.017,11,14.7,72,,
39,41,41,36,44,35.1 ,306,0.000,43,17.6,71,,
39,41,41,36,44,34.0 ,471,0.017,20,19.3,64,,
39,41,41,36,44,33.1 ,620,0.000,87,20.4,58,,
39,41,41,36,44,32.4 ,698,0.017,87,21.3,54,,
39,41,41,36,44,30.6 ,708,0.017,95,22.1,52,,
39,41,41,36,44,29.6 ,657,0.000,99,22.7,50,,
39,41,41,36,44,28.4 ,531,0.017,93,22.7,50,,
39,41,41,36,44,27.2 ,360,0.000,76,22.7,50,,
39,41,41,36,44,26.5 ,196,0.017,87,22.2,51,,
39,41,41,36,44,25.3 ,41,0.000,50,20.3,51,,
39,42,42,36,44,24.1 ,0,0.017,5,16.3,55,,
39,42,42,36,44,23.2 ,0,0.000,1,13.6,72,,
39,42,42,36,44,22.2 ,0,0.000,5,12.4,85,,
39,42,42,36,44,21.5 ,0,0.017,26,11.8,91,,
39,42,42,36,44,20.8 ,0,0.000,9,11.1,94,,
39,42,42,36,44,19.8 ,0,0.000,13,10.5,96,,
39,41,41,36,44,15.6 ,464,0.017,175,15.9,99,,
39,41,41,36,44,14.9 ,603,0.000,154,18.6,90,,
39,41,41,36,44,15.5 ,683,0.017,150,20.7,69,,
39,41,41,36,44,13.7 ,702,0.000,159,21.9,60,,
39,41,41,36,44,12.2 ,653,0.017,172,23.2,55,,
39,41,41,36,44,11.2 ,468,0.000,131,23.6,52,,
39,41,41,36,44,9.9 ,181,0.000,163,22.9,52,,
39,41,41,36,44,8.9 ,67,0.000,177,21.0,55,,
39,41,41,36,44,8.5 ,41,0.000,54,19.1,67,,
39,42,42,36,44,7.3 ,0,0.017,15,16.1,77,,
39,42,42,36,44,6.3 ,0,0.000,358,14.3,87,,
39,42,42,36,44,5.6 ,0,0.000,16,13.4,92,,
39,42,42,36,44,4.8 ,0,0.000,6,13.2,95,,
39,42,42,36,44,4.0 ,0,0.000,353,12.8,97,,
39,42,42,36,44,3.7 ,0,0.000,356,13.2,98,,
39,42,42,36,44,3.2 ,0,0.000,304,13.8,98,,
39,42,42,36,44,2.7 ,0,0.017,333,13.2,97,,
39,42,42,36,44,1.8 ,0,0.000,343,12.0,96,,
39,42,42,36,44,1.4 ,0,0.000,326,11.9,98,,
39,42,42,36,44,0.7 ,0,0.000,313,12.3,96,,
39,42,42,36,44,0.5 ,0,0.000,322,13.2,93,,
39,42,42,36,44,0.5 ,2,0.000,324,13.8,85,,
39,42,42,36,44,0.5 ,97,0.017,21,14.6,84,,
39,41,42,36,44,0.5 ,262,0.000,25,16.4,84,,
39,42,41,36,44,0.5 ,233,0.000,16,16.4,78,,
39,41,41,36,44,0.5 ,326,0.000,68,16.8,74,,
39,41,41,36,44,0.5 ,294,0.000,77,17.0,73,,
39,41,41,36,44,0.5 ,315,0.000,65,17.5,71,,
39,41,41,36,44,0.5 ,345,0.000,84,18.0,71,,
39,41,41,36,44,0.5 ,171,0.000,71,18.0,69,,
39,41,41,36,44,0.5 ,294,0.000,73,18.0,68,,
39,41,41,36,44,0.5 ,134,0.000,82,18.1,68,,
39,42,41,36,44,0.5 ,10,0.000,7,16.4,67,,
39,42,42,36,44,0.5 ,0,0.000,10,14.3,77,,
39,42,42,36,44,0.5 ,0,0.000,13,13.0,86,,
39,42,42,36,44,0.5 ,0,0.000,16,12.6,91,,
39,42,42,36,44,0.5 ,0,0.000,28,12.5,95,,
39,42,42,36,44,0.5 ,0,0.000,24,12.7,97,,
39,42,42,36,44,0.5 ,0,0.000,4,12.8,98,,
39,42,42,36,44,0.5 ,0,0.000,9,12.1,99,,
39,42,42,36,44,0.5 ,0,0.000,6,10.6,100,,
39,42,42,36,44,0.5 ,0,0.000,13,9.9,99,,
39,42,42,36,44,0.5 ,0,0.000,6,9.4,100,,
39,42,42,36,44,0.5 ,0,0.000,8,8.8,100,,
39,42,42,36,44,0.5 ,0,0.000,9,8.5,100,,
39,42,42,36,44,0.5 ,5,0.000,17,8.4,100,,
39,42,42,36,44,0.5 ,55,0.000,314,9.0,100,,
39,42,42,36,44,0.5 ,188,0.000,216,10.5,100,,
39,42,41,36,44,0.5 ,295,0.000,244,13.3,100,,
39,41,41,36,44,0.5 ,588,0.000,180,16.5,98,,
39,41,41,36,44,0.5 ,693,0.000,100,18.5,80,,
