65,213,94,37,43,415,0,1.1,34,51,70.5
65,211,101,37,43,329,0,1.02,33.5,67,72.7
66,211,102,36,43,115,0,1.19,32.8,68,72.4
64,212,88,36,43,31,0,0.7,30.8,78,72.5
65,210,95,36,43,1,0,0.6,28.9,87,72.4
61,209,97,36,43,0,0,0.59,28.2,90,72.4
64,210,100,36,43,0,0,0.52,27.4,93,72.4
64,209,89,36,43,0,0,0.49,26.5,96,72.3
62,208,102,36,43,0,0,0.49,25.8,98,72.3
62,211,96,36,43,0,0,0.6,25.8,95,72.3
66,209,96,36,43,0,0,0.8,25.7,92,72.3
63,210,104,36,43,0,0,0.62,25.7,91,72.3
63,211,92,36,43,0,0,0.72,26,89,72.3
63,210,94,36,43,0,0,0.77,25.8,89,72.3
65,209,95,36,43,2,0,0.65,25.5,91,72.3
62,210,96,36,43,40,0,0.83,25.7,92,72.3
61,210,97,36,43,227,0,0.84,27.6,88,72.3
60,208,97,36,43,440,0,0.82,30.1,79,72.3
60,210,97,36,43,579,0,0.94,31.1,74,72.3
61,209,97,36,43,504,0,0.88,31.3,73,72.3
61,210,95,36,43,551,0,0.63,31.7,71,72.3
60,208,104,36,43,717,0,0.77,32.5,68,72.1
79,212,110,36,43,578,0,0.78,32.9,67,71.9
81,213,101,36,43,550,0,0.84,33,66,71.7
84,213,100,36,43,333,0,0.83,32.9,66,71.7
82,212,100,37,43,392,0,0.84,33.1,65,71.6
82,210,108,36,43,80,0,0.89,32.2,65,71.5
83,207,109,36,43,47,0,0.65,31,67,71.4
83,208,109,36,43,2,0,0.56,30.2,70,71.3
84,207,111,36,43,0,0,0.54,29.6,72,71.2
82,208,110,36,43,0,0,0.58,29.1,73,71.2
86,208,103,36,43,0,0.562,0.45,27.9,80,71.2
86,210,110,36,43,0,0.749,0.51,25.6,93,71.2
86,209,113,36,43,0,0.289,0.56,25,94,71.2
86,209,109,36,43,0,0.085,0.53,24.8,96,71.2
86,209,113,36,43,0,0.017,0.5,24.9,96,71.2
87,208,103,36,43,0,0,0.55,25.2,95,71.2
86,209,112,36,43,0,0,0.64,25.6,93,71.1
87,208,114,36,43,2,0,0.6,25.7,93,71.1
88,208,105,36,43,35,0,0.72,26.5,89,71.1
86,208,109,36,43,101,0,0.84,27.2,88,71.1
88,209,109,36,43,157,0,0.78,28.2,86,71.1
88,208,110,36,43,302,0,0.86,29.3,83,71.1
87,207,113,36,43,400,0,0.94,30.7,77,71
84,209,101,36,43,526,0,0.78,31.4,73,71
86,208,111,36,43,413,0,0.79,31.6,72,71
85,208,106,36,43,539,0,0.76,31.9,70,71
85,209,109,37,43,704,0,0.84,33.2,65,70.9
85,208,110,36,43,271,0,1.08,32.4,68,70.9
86,208,96,36,43,196,0,1.2,31.1,75,71
86,207,109,36,43,115,0,0.67,31,73,71
86,207,111,36,43,37,0,0.66,30.1,76,71
85,207,106,36,43,2,0,0.67,28.4,83,71
85,207,110,36,43,0,0,0.57,27.1,87,71
87,209,106,36,43,0,0,0.59,26.5,88,71
86,208,104,36,43,0,0,0.55,26,89,71
86,209,107,36,43,0,0,0.56,25.1,94,71
87,209,104,36,43,0,0,0.47,24.6,96,71
88,209,105,36,43,0,0,0.55,24.2,97,71
87,209,111,36,43,0,0,0.71,24.8,94,71
87,208,109,36,43,0,0,1.37,26.7,84,71
87,208,109,36,43,0,0,1.29,26.8,82,71
87,208,107,36,43,1,0,1.05,26.3,84,71
87,209,100,36,43,75,0,1.27,26.2,88,71.1
60,199,93,36,43,134,0,1.13,27,87,71
57,198,88,36,43,360,0,1.42,28,82,70.9
58,198,88,36,43,583,0,2.11,29.3,70,70.7
57,197,81,36,43,805,0,2.29,30.4,64,70.5
56,195,88,36,43,905,0,2.75,31,62,70.4
54,195,81,36,43,863,0,2.36,31.4,63,70.2
56,195,87,36,43,920,0,2.08,31.7,63,70.1
55,195,81,37,43,776,0,2.25,31.8,61,69.9
56,194,81,37,43,657,0,2.28,31.4,61,69.8
40,194,81,37,43,485,0,2.33,31.3,61,69.9
46,195,84,37,43,120,0,1.73,30.7,62,70
44,196,84,36,43,29,0,1.99,29.4,65,70.1
44,195,81,36,43,2,0,1.36,28.1,68,70.1
43,195,86,36,43,0,0,0.43,26.7,75,70.2
47,196,88,36,43,0,0,0.53,25,84,70.3
44,195,85,36,43,0,0,0.33,24.2,88,70.4
43,196,85,36,43,0,0,0.25,23.1,92,70.5
43,196,89,36,43,0,0,0.27,22.2,96,70.6
49,195,89,36,43,0,0,0.33,21.6,97,70.6
45,195,88,36,43,0,0,0.3,21,99,70.6
45,195,85,36,43,0,0,0.26,20.6,100,70.7
44,194,89,36,43,0,0,0.21,20.1,99,70.7
45,195,88,36,43,1,0,0.22,19.8,100,70.7
43,195,86,36,43,71,0,0.37,20.2,100,70.7
45,195,85,36,43,248,0,0.79,21.9,100,70.8
43,195,84,36,43,441,0,0.78,25,88,70.7
46,195,84,36,43,627,0,1.08,26.9,76,70.7
41,195,88,36,43,781,0,1.38,29,67,70.7
45,194,84,36,43,877,0,1.77,30.2,62,70.7
41,193,82,36,43,910,0,1.98,30.5,61,70.6
43,194,87,36,43,881,0,2.13,31,60,70.6
43,194,85,37,43,782,0,2.03,31.4,60,70.5
42,194,91,37,43,629,0,2.14,31.2,63,70.6
41,193,87,37,43,422,0,2.07,30.9,65,70.6
43,194,86,36,43,130,0,1.86,29.9,69,70.6
42,195,88,36,43,34,0,1.24,28.6,74,70.6
42,195,87,36,43,1,0,0.71,27.5,80,70.6
43,195,88,36,43,0,0,0.45,26.3,85,70.6
40,195,89,36,43,0,0,0.91,25.8,84,70.7
42,195,87,36,43,0,0,0.65,25.4,86,70.6
41,195,90,36,43,0,0,0.81,25.5,86,70.7
41,194,87,36,43,0,0,1.03,25.6,87,70.6
42,194,87,36,43,0,0,1.42,25.9,86,70.7
41,194,87,36,43,0,0,1.18,26,88,70.7
42,194,86,36,43,0,0,0.95,25.7,90,70.6
43,194,88,36,43,0,0,0.4,24.8,94,70.6
40,194,89,36,43,1,0,0.41,23.9,97,70.6
41,194,88,36,43,37,0,0.59,23.9,99,70.6
41,193,85,36,43,166,0,0.88,25.3,97,70.6
42,193,88,36,43,377,0,0.74,27.5,87,70.6
39,193,88,36,43,606,0,0.94,28.8,76,70.5
39,193,87,36,43,720,0,1.07,29.8,68,70.5
41,193,87,36,43,803,0,1.37,30.3,63,70.4
40,192,88,36,43,499,0,1.2,30.2,63,70.4
39,192,88,36,43,551,0,1.28,30.6,57,70.4
39,192,89,37,43,717,0,1.49,31.3,52,70.4
40,193,89,37,43,447,0,1.65,31.1,51,70.3
40,193,90,37,43,425,0,1.93,30.4,61,70.3
42,193,91,36,43,125,0,1.58,29.9,61,70.3
40,193,88,36,43,28,0,1.16,28.9,54,70.3
38,190,84,36,43,1,0,0.28,25,74,70.2
38,189,84,36,43,0,0,0.26,22.9,83,70.1
38,189,81,36,43,0,0,0.23,21.9,89,70.1
38,189,82,36,43,0,0,0.16,21.2,92,70
38,188,79,36,43,0,0,0.17,20.5,95,69.9
38,188,81,36,43,0,0,0.11,19.9,95,69.9
38,189,79,36,43,0,0,0.16,19.5,96,69.8
38,188,82,36,43,0,0,0.16,19.1,98,69.8
38,189,82,36,43,0,0,0.16,18.9,98,69.7
38,189,82,36,43,0,0,0.17,18.9,99,69.6
38,188,82,36,43,1,0,0.16,18.6,99,69.6
38,189,81,36,43,46,0,0.35,18.9,99,69.6
38,189,81,36,43,200,0,0.6,21.2,97,69.5
38,188,81,36,43,330,0,0.72,24,84,69.5
38,188,82,36,43,437,0,0.83,26.1,75,69.4
38,188,82,36,43,475,0,0.98,27.1,73,69.4
38,189,82,36,43,599,0,0.94,28,71,69.3
38,188,81,36,43,609,0,0.9,29.7,66,69.3
38,188,80,36,43,340,0,1.27,29.7,65,69.2
38,187,80,37,43,526,0,1.44,29.5,66,69.2
38,187,81,37,43,550,0,1.38,30.5,64,69.1
38,187,82,37,43,348,0,1.78,29.7,66,69.1
38,187,79,36,43,115,0,1.27,28.8,71,69
38,188,82,36,43,53,0,0.83,28,75,69.1
38,187,82,36,43,2,0,0.38,26.6,83,69
38,188,82,36,43,0,0,0.33,25.4,89,69
38,188,84,36,43,0,0,0.36,24.7,93,69
38,188,83,36,43,0,0,0.35,23.9,95,69
38,188,83,36,43,0,0,0.31,23.4,97,68.9
38,188,83,36,43,0,0,0.34,23,98,68.9
38,188,84,36,43,0,0,0.37,22.7,98,68.9
38,187,84,36,43,0,0,0.37,22.4,100,68.8
38,188,84,36,43,0,0,0.37,22.2,100,68.8
38,187,84,36,43,0,0,0.44,22,100,68.8
38,188,84,36,43,0,0,0.47,21.8,100,68.8
38,188,83,36,43,36,0,0.67,21.8,100,68.7
38,187,82,36,43,180,0,1.28,24.3,99,68.7
38,188,83,36,43,326,0,0.99,27,86,68.7
38,188,83,36,43,331,0,0.82,27.2,81,68.7
37,187,83,36,43,454,0,1.15,27.9,77,68.6
37,186,83,36,43,542,0,1.83,28.6,72,68.5
37,186,81,36,43,433,0,1.98,28.9,69,68.5
38,186,83,36,43,260,0,1.32,28.8,70,68.5
38,186,83,36,43,232,0,0.99,28.9,70,68.5
38,187,82,36,43,180,0,0.56,29.4,70,68.5
38,187,81,36,43,72,0,0.61,28.7,72,68.4
38,187,82,36,43,116,0,0.79,28.5,75,68.4
38,188,84,36,43,37,0,1.01,28,74,68.4
38,188,83,36,43,0,0,0.39,26.4,83,68.4
38,188,84,36,43,0,0,0.35,25.6,88,68.4
38,187,84,36,43,0,0,0.42,25.1,91,68.4
38,187,83,36,43,0,0,0.41,24.8,92,68.4
38,187,86,36,43,0,0,0.39,24.6,93,68.4
38,187,84,36,43,0,0,0.44,24.5,94,68.4
38,187,85,36,43,0,0,0.47,24.3,93,68.4
38,186,85,36,43,0,0,0.45,24.5,90,68.4
38,187,84,36,43,0,0,0.36,24.4,88,68.4
38,187,84,36,43,0,0,0.37,24.4,86,68.4
38,187,83,36,43,1,0,0.29,24,90,68.3
38,188,87,36,43,15,0,0.31,23.8,91,68.4
38,189,87,36,43,41,0,0.51,24.1,92,68.4
38,189,88,36,43,104,0,0.47,24.7,91,68.4
39,191,89,36,43,128,1.123,0.54,25,90,68.4
41,191,90,36,43,194,0.357,0.42,24.4,98,68.3
42,190,89,36,43,242,0,0.46,25.1,96,68.3
43,190,89,36,43,278,0,0.64,26.1,91,68.1
42,190,89,36,43,237,0,0.58,26.7,84,68.2
43,189,87,36,43,120,0,0.62,27.1,84,68.2
43,188,84,36,43,82,0.34,0.57,26.1,92,68.1
43,187,82,36,43,71,1.294,0.52,25.3,98,68.2
43,186,83,36,43,38,0,0.39,25.5,99,68.1
43,184,82,36,43,8,0.051,0.7,25.3,99,68.1
43,187,85,36,43,0,0.97,0.66,25,100,68.3
43,189,85,36,43,0,1.902,0.8,24.9,100,68.6
43,187,85,36,43,0,1.668,0.91,25,100,68.6
43,186,84,36,43,0,1.243,1.14,25,100,68.6
43,185,83,36,43,0,0.919,1.21,25.1,100,68.5
43,186,83,36,43,0,0.664,1.28,25.2,100,68.6
66,200,106,36,43,0,0.8,1.52,25.4,99,70.5
78,217,150,35,44,0,1.157,2.39,24.8,100,71.4
76,215,149,26,48,0,1.209,2.25,25,100,71.9
80,212,151,35,67,0,1.294,2.57,25,100,72.2
83,216,153,34,71,0,1.413,2.79,25.2,100,73.4
93,103,126,21,76,4,1.481,3.44,25,100,72.8
77,88,118,30,54,32,1.702,3.17,25.2,100,72
73,82,114,34,45,17,1.919,2.16,25,100,72
74,83,112,34,46,13,2.14,2.48,25.1,100,71.8
70,78,106,34,45,28,2.294,3.36,25.7,100,71.6
66,73,99,35,45,54,2.447,3.4,26,100,71.4
61,70,96,36,45,258,2.106,2.81,26.3,100,71.1
57,63,94,36,44,472,1.328,2.67,27.9,99,70.9
58,64,93,36,44,587,1.123,2.26,29.4,89,70.7
52,60,92,36,44,692,1.021,2.44,31.1,75,70.6
55,59,89,36,44,457,0.902,2.16,31.1,72,70.5
54,57,89,36,44,125,0.851,1.61,30.1,71,70.4
51,57,88,36,44,14,1.055,0.93,27.4,81,70.3
49,55,86,36,44,0,2.243,1.15,26.7,82,70.2
47,55,85,36,44,0,2.651,0.59,25.6,87,70.1
48,56,87,36,44,0,1.851,0.51,24.4,94,70
50,55,86,36,44,0,0.017,0.52,23.7,97,69.9
49,54,85,36,44,0,0,0.53,23.2,99,69.8
46,54,85,36,44,0,0,0.56,22.9,100,69.8
43,53,84,36,44,0,0,0.53,22.5,99,69.7
42,53,84,36,44,0,0.017,0.74,22.2,100,69.6
45,53,84,36,44,0,0,0.85,22,100,69.6
41,54,82,36,44,0,0,0.94,22.1,100,69.5
42,53,80,36,44,0,0,1,21.9,100,69.4
49,200,80,36,44,21,0,1.07,22,100,69.4
47,201,79,36,44,73,0,1.2,22.6,100,69.4
52,203,79,36,44,70,0,1.15,23.4,100,69.3
51,202,80,36,44,165,0,1.04,24.1,98,69.4
45,202,80,36,44,159,0,1.02,24.8,92,69.3
50,204,79,36,44,204,0,1.03,25.4,85,69.4
48,204,79,36,44,276,0,1.01,25.4,85,69.4
45,202,75,36,44,598,0,1.02,26.5,79,69.4
43,202,77,36,44,467,0,0.99,27,74,69.5
41,201,76,36,44,297,0,0.78,27.3,73,69.5
44,202,76,36,44,402,0,1.16,27.4,74,69.7
42,201,76,36,44,120,0,0.6,27.5,75,69.7
44,201,76,36,44,24,0,0.38,25.1,85,69.8
46,202,76,36,44,1,0,0.34,22.9,92,69.8
40,202,77,36,44,0,0,0.26,21.8,96,69.9
44,202,77,36,44,0,0,0.3,20.9,98,69.9
41,203,77,36,44,0,0,0.28,20.4,100,70
41,202,76,36,44,0,0,0.29,19.9,100,70
54,208,83,36,44,0,0,0.24,19.3,100,70.1
52,207,83,36,44,0,0,0.28,18.7,99,70.2
52,208,85,36,44,0,0,0.3,18.2,100,70.4
52,208,84,36,44,0,0,0.33,17.7,100,70.5
51,208,82,36,44,0,0,0.39,17.1,100,70.6
58,208,83,36,44,0,0,0.42,16.7,100,70.7
51,208,85,36,44,45,0,0.49,16.6,100,70.8
56,208,84,36,46,263,0,1.07,18.5,100,70.8
55,208,87,36,46,450,0,1.14,21.4,94,70.9
45,207,82,36,46,550,0,0.9,24.3,77,71
45,207,83,36,50,801,0,1.07,26.2,64,71.1
43,207,84,36,50,760,0,1.31,26.7,62,71.2
45,207,82,36,50,623,0,1.14,27.1,64,71.2
43,206,85,36,49,438,0,1.27,27,68,71.3
43,207,83,36,49,462,0,1.28,27,70,71.4
43,207,83,36,44,348,0,1.05,27.5,69,71.3
42,207,82,36,44,171,0,0.72,27.3,69,71.4
42,207,83,36,44,68,0,0.5,26,81,71.4
44,208,82,36,44,17,0,0.4,25.2,87,71.5
43,206,84,36,44,0,0,0.34,23.9,91,71.5
43,208,84,36,44,0,0,0.29,22.8,94,71.5
42,207,83,36,45,0,0,0.31,22,96,71.5
42,207,83,36,46,0,0,0.25,21.3,98,71.5
43,208,83,36,47,0,0,0.26,20.6,99,71.5
45,207,84,36,48,0,0,0.2,20,100,71.5
42,208,83,36,51,0,0,0.18,19.4,99,71.5
43,207,83,36,53,0,0,0.2,19.1,100,71.5
44,208,81,36,53,0,0,0.27,18.9,100,71.5
46,207,84,36,54,0,0,0.45,19,100,71.5
42,208,84,36,54,0,0,0.37,19.1,100,71.5
43,207,83,36,54,9,0,0.39,19.2,100,71.5
44,208,83,36,54,57,0,0.58,19.6,100,71.4
44,207,83,36,54,108,0.085,0.69,20.8,99,71.5
43,207,83,36,55,138,0.238,0.75,21.2,97,71.4
43,207,81,36,55,242,0.051,0.75,21.9,96,71.5
42,207,84,36,55,186,0,0.61,22.9,92,71.4
43,206,83,36,55,328,0,0.73,23.2,92,71.4
45,207,82,36,55,427,0,0.67,24.8,86,71.4
43,207,84,36,55,206,0,0.56,25.4,79,71.4
44,207,83,36,54,290,0,0.87,25.6,79,71.4
45,207,84,36,54,169,0,0.95,25.6,78,71.4
49,208,85,36,54,86,0,0.94,25.4,79,71.5
48,208,86,36,54,23,0,0.51,24.3,86,71.6
49,208,85,36,54,0,0,0.3,22.9,93,71.6
49,208,86,36,55,0,0,0.32,22.1,96,71.7
49,210,85,36,56,0,0,0.27,21.4,98,71.7
50,210,85,36,56,0,0,0.28,20.4,100,71.7
52,209,87,36,56,0,0,0.19,19.5,100,71.7
53,208,85,36,57,0,0,0.26,19,100,71.7
51,210,86,36,56,0,0,0.26,18.8,99,71.6
53,209,86,36,56,0,0,0.24,18.6,100,71.6
52,209,86,36,57,0,0,0.24,18.2,100,71.6
52,209,86,36,56,0,0,0.22,17.8,100,71.6
53,209,85,36,56,1,0,0.43,17.5,100,71.5
58,208,85,36,54,75,0,0.6,18.1,100,71.5
52,209,85,36,54,214,0,1.12,20.1,99,71.5
54,209,84,36,54,339,0,1.12,22.1,93,71.5
53,209,85,36,53,603,0,1.05,25.1,84,71.4
54,208,85,36,51,783,0,0.93,26.8,75,71.3
53,208,84,36,49,700,0,1.02,27.4,71,71.4
53,208,85,36,47,403,0,0.86,27.3,70,71.3
57,207,86,36,46,799,0,1.45,27.8,71,71.3
60,208,85,36,45,578,0,1.28,27.8,71,71.3
57,208,86,36,44,607,0,1.45,28.2,68,71.4
53,210,87,36,44,327,0,1.24,27.6,70,71.4
50,207,87,36,44,69,0,1.16,25.7,74,71.4
53,208,85,36,44,21,0,0.51,24.8,80,71.4
52,208,85,36,44,0,0,0.38,24.1,84,71.4
52,208,87,36,44,0,0,0.37,23.4,87,71.4
56,208,85,36,44,0,0,0.38,23,89,71.4
51,208,86,36,44,0,0,0.33,22.7,92,71.4
53,208,86,36,44,0,0,0.32,22.6,93,71.4
55,209,85,36,44,0,0,0.4,22.5,93,71.4
56,207,88,36,44,0,0,0.51,22.3,92,71.4
54,207,87,36,44,0,0,0.36,22.1,94,71.4
54,208,85,36,44,0,0,0.38,22,96,71.4
53,208,87,36,44,0,0,0.37,21.9,97,71.3
51,208,87,36,44,0,0,0.35,21.9,97,71.4
54,209,87,36,49,4,0.494,0.43,21.8,98,71.5
54,209,87,36,50,18,0.511,0.51,21.6,100,71.5
55,208,88,36,49,46,0.323,0.5,21.7,100,71.5
56,63,93,36,51,85,0.306,0.56,21.9,100,71.5
59,62,93,36,50,113,0.272,0.73,22.3,100,71.4
61,63,94,36,50,32,0.272,0.87,22.2,100,71.5
63,65,95,36,56,19,0.289,1.02,22.1,100,71.5
61,63,95,36,57,47,0.289,1.1,22.1,100,71.5
60,61,93,36,56,152,0.289,1.11,22.8,100,71.4
58,60,91,36,51,141,0.272,0.98,23.3,100,71.3
57,61,91,36,48,123,0.238,0.93,23.6,99,71.2
55,60,92,36,45,42,0.255,1.02,23.7,97,71
56,59,91,36,45,7,0.34,0.83,23.3,100,71
57,59,91,36,44,0,0.443,0.99,23.1,100,70.9
54,58,91,36,44,0,0.545,1.15,23,100,70.8
53,59,91,36,44,0,0.511,1.22,23,100,70.8
54,60,91,36,44,0,0.443,1.14,22.9,100,70.7
54,60,90,36,44,0,0.374,1.25,22.9,100,70.7
56,60,91,36,44,0,0.528,1.22,22.8,100,70.7
52,60,90,36,44,0,0.936,1.19,22.7,99,70.6
54,61,90,36,44,0,0.34,1.11,22.6,100,70.6
54,61,90,36,44,0,0.017,1.16,22.4,100,70.5
56,60,90,36,44,0,0,0.99,22.4,100,70.5
53,61,90,36,44,0,0.017,1.12,22.2,100,70.4
57,62,90,36,44,8,0.017,1.17,22.2,100,70.4
57,62,90,36,44,26,0.017,1.01,22.4,100,70.4
54,60,90,36,44,44,0.017,0.95,22.8,100,70.3
55,61,90,36,44,103,0.443,1.04,23.1,100,70.4
54,62,90,36,44,144,0,1.03,23.7,100,70.4
53,60,90,36,44,294,0,0.92,24.3,100,70.3
52,60,89,36,44,455,0,0.91,25.2,97,70.3
51,60,89,36,44,400,0,1,26.7,88,70.3
54,60,89,36,44,242,0,0.76,26.4,91,70.3
54,60,88,36,44,196,0,1.26,26.6,88,70.3
56,60,89,36,44,71,0,1.29,26,87,70.3
55,59,88,36,44,43,0.051,0.76,24.6,94,70.3
55,59,88,36,44,39,0.085,0.8,24.6,95,70.2
53,59,88,36,44,1,0.051,0.82,24.1,95,70.2
53,59,88,36,44,0,0.051,0.71,23.4,97,70.2
56,60,89,36,44,0,0.017,0.86,22.8,98,70.1
52,60,88,36,44,0,0,0.5,21.8,100,70.2
51,59,88,36,44,0,0,0.65,21.3,100,70.1
52,60,88,36,44,0,0,0.66,21,100,70.1
53,59,88,36,44,0,0,0.71,21,99,70.1
51,60,88,36,44,0,0,0.93,21,100,70.1
50,60,88,36,44,0,0,1.07,21.1,100,70.1
52,61,87,36,44,0,0,1.09,21.2,100,70.1
53,62,88,36,44,0,0.017,1.05,21.2,100,70
54,63,88,36,44,4,0.017,1.13,21.4,100,70
53,61,87,36,44,11,0.102,1.11,21.5,100,70
59,64,92,36,44,31,0.034,1.04,21.7,100,69.9
57,61,89,36,45,80,0,1.22,22.1,100,70
53,62,89,36,44,127,0,1.01,22.9,100,70
54,60,88,36,44,101,0.136,1.01,23,100,70
55,59,83,36,44,135,0.17,1.08,23.2,99,70.1
52,61,83,36,44,111,0.034,1.39,23.3,96,69.9
53,61,83,36,44,105,0,1.91,23.4,93,70
52,60,83,36,44,110,0,1.39,23.3,93,70
55,60,82,36,44,77,0,1.96,23.4,88,70
53,60,80,36,44,56,0,1.28,23.2,86,69.9
53,60,82,36,44,9,0,1.13,22.6,89,69.9
53,60,82,36,44,0,0,0.58,21.6,94,69.9
54,58,82,36,44,0,0,0.48,20.9,98,69.9
53,59,82,36,44,0,0,0.55,20.1,100,69.9
51,60,82,36,44,0,0,0.55,19.5,100,69.8
54,61,82,36,44,0,0,0.65,19.2,100,69.8
54,59,82,36,44,0,0,0.68,18.9,100,69.8
53,60,82,36,44,0,0,0.72,18.4,99,69.8
57,61,83,36,44,0,0,0.7,17.9,100,69.8
56,61,83,36,44,0,0.017,0.73,17.5,100,69.8
51,60,83,36,44,0,0,0.81,17.5,100,69.8
51,61,83,36,44,0,0,0.87,17.4,100,69.8
53,63,83,36,44,28,0.017,0.85,17.1,100,69.8
54,61,83,36,44,236,0.017,0.96,17.7,100,69.8
51,61,82,36,44,435,0.068,0.96,20.3,100,69.8
51,63,83,36,44,625,0.034,0.93,23.6,91,69.7
52,61,84,36,44,787,0,1.02,25.8,78,69.7
52,62,84,36,44,672,0,0.74,26.9,68,69.7
50,62,84,36,44,928,0,1.01,27.6,61,69.6
51,61,83,36,44,850,0,1.06,28.9,55,69.5
53,61,88,37,43,711,0,1.58,29.1,52,69.5
52,61,89,37,43,615,0,1.54,29.1,53,69.5
53,61,89,37,43,420,0,1.42,28.5,54,69.5
53,60,89,36,43,131,0,1.15,27.5,58,69.6
51,60,89,36,43,28,0,0.56,25.7,63,69.6
52,60,89,36,43,0,0,0.25,22.3,76,69.6
51,61,89,36,44,0,0,0.22,19.8,89,69.5
52,62,89,36,44,0,0,0.2,18.7,93,69.6
51,59,90,36,44,0,0,0.14,17.7,96,69.6
52,61,89,36,44,0,0,0.14,17,98,69.6
53,61,91,36,44,0,0,0.13,16.6,99,69.6
53,62,92,36,44,0,0,0.14,16.1,99,69.6
56,62,92,36,44,0,0,0.14,15.5,100,69.7
55,63,92,36,44,0,0,0.13,15.3,100,69.7
55,62,91,36,44,0,0.017,0.22,15.1,100,69.7
58,65,91,36,44,1,0.034,0.14,14.9,100,69.7
56,63,92,36,44,58,0.017,0.2,15.1,100,69.7
56,64,91,36,44,134,0,0.36,16.5,100,69.7
55,63,91,36,44,214,0,0.56,18.4,100,69.8
54,63,92,36,44,336,0,0.51,20.8,91,69.7
85,59,80,36,44,472,0,0.76,23.1,85,69.9
38,64,92,36,43,726,0,0.95,25.7,76,69.7
38,63,93,36,43,663,0,1.13,26.7,68,69.6
37,65,92,37,43,855,0,1.09,28,60,69.5
37,64,92,37,43,565,0,1.15,28.1,57,69.4
37,63,93,37,43,389,0,0.87,27.6,64,69.3
37,63,93,37,43,266,0,0.71,27.6,66,69.3
37,63,91,36,43,125,0,0.5,27.2,71,69.2
38,64,93,36,43,27,0,0.4,25.1,80,69.1
38,63,93,36,43,0,0,0.23,22.5,89,69.1
38,67,92,36,43,0,0,0.16,20.9,94,69
38,62,94,36,43,0,0,0.16,20,97,68.9
38,64,94,36,43,0,0,0.15,19.9,98,68.9
38,65,94,36,43,0,0,0.16,19.7,100,68.8
38,64,94,36,43,0,0,0.18,19.4,100,68.8
38,65,92,36,43,0,0,0.22,19.2,99,68.7
38,66,92,36,43,0,0,0.2,18.9,100,68.7
38,66,93,36,43,0,0,0.2,18.8,100,68.6
38,67,95,36,43,0,0,0.23,18.6,100,68.6
38,66,92,36,43,0,0,0.25,18.4,100,68.6
38,64,92,36,43,21,0,0.28,18.4,100,68.5
38,68,96,36,43,104,0,0.57,19.2,100,68.6
38,67,97,36,43,168,0,0.75,20.9,98,68.6
38,66,97,36,43,189,0,0.77,22.1,92,68.6
38,68,97,36,43,169,0,0.66,23.3,87,68.6
38,69,97,36,43,183,0,0.53,23.5,86,68.6
38,69,97,36,43,185,0,0.45,23.8,86,68.6
38,69,97,36,43,119,0,0.4,23.9,87,68.6
38,67,98,36,43,60,0,0.34,23.3,92,68.6
38,69,99,36,43,60,0.119,0.56,22.6,99,68.6
38,69,99,36,43,39,0.238,0.71,22.2,100,68.6
38,68,99,36,43,27,0.051,0.57,22,100,68.7
38,69,102,36,43,9,0.017,0.53,21.6,100,68.7
38,68,103,36,43,0,0.017,0.86,20,100,68.8
38,68,102,36,43,0,0,0.65,19.4,100,68.8
38,70,103,36,43,0,0.017,0.82,19,100,68.9
38,72,103,36,43,0,0.017,0.68,18.8,100,68.9
38,70,104,36,44,0,0,0.48,18.7,100,68.9
38,71,107,36,44,0,0.017,0.59,18.6,100,68.9
38,71,102,36,43,0,0,0.6,18.7,99,69
38,73,102,36,43,0,0,0.58,18.7,100,69
38,74,105,36,43,0,0.017,0.73,18.8,100,69
38,75,106,36,43,0,0,0.95,18.8,100,69
38,73,105,36,43,0,0.017,0.89,18.9,100,69
38,72,104,36,44,8,0,0.94,19,100,69.1
38,74,106,36,43,34,0.017,0.92,19.3,100,69.2
41,77,117,36,43,27,0,1.1,19.6,100,70.2
40,76,115,36,44,40,0.017,1.16,19.8,100,70.4
39,77,116,36,44,32,0,1.19,20,100,70.6
39,72,118,36,46,34,0.017,1.02,19.8,100,70.8
39,75,116,36,48,80,0,1.01,19.8,100,70.8
39,70,114,36,45,107,0.017,1.05,20.4,100,70.6
39,72,113,36,44,122,0.017,1.07,20.7,100,70.5
39,71,111,36,44,74,0,0.95,21,100,70.4
39,74,115,36,44,37,0.017,0.93,21.1,100,70.4
39,71,113,36,44,19,0.017,0.96,21,100,70.3
39,70,114,36,44,2,0,1.02,20.7,100,70.3
39,73,110,36,44,0,0.017,1.03,20.6,100,70.3
38,72,112,36,44,0,0,0.97,20.4,100,70.3
39,73,114,36,44,0,0.017,1.06,20.2,100,70.4
39,73,115,36,44,0,0,1.2,20.2,100,70.5
38,70,114,36,44,0,0.017,1.17,20.2,100,70.4
38,73,112,36,44,0,0.017,1.07,20.2,100,70.4
39,71,113,36,44,0,0,1.09,20.3,99,70.4
39,73,113,36,44,0,0.017,1.15,20.3,100,70.3
38,75,111,36,44,0,0,1.21,20.4,100,70.2
38,73,110,36,44,0,0.017,1.18,20.4,100,70.2
45,81,122,36,44,0,0.017,1.19,20.4,100,73.1
90,115,113,-5,96,0,0.119,1.55,20.1,100,73.5
101,111,96,-1,94,1,0.034,1.42,20.1,100,73.8
81,96,89,-6,113,6,0.017,1.41,20.2,100,73.7
79,75,111,3,96,24,0,1.37,20.4,100,73
74,78,118,7,85,54,0.034,1.48,20.7,100,73
64,69,96,14,71,165,0.051,1.4,21,100,72.2
44,54,81,27,48,195,0.051,1.29,21.6,100,71.5
39,49,65,32,43,251,0.102,1.14,22,100,71.1
39,48,59,34,43,241,0.272,1.46,23.4,100,70.7
39,47,52,35,43,142,1.26,1.67,23.8,100,70.4
39,46,50,35,43,102,1.532,1.53,23.8,100,70.2
39,46,49,35,43,31,1.634,1.65,23.3,100,70
39,46,48,35,43,8,1.566,1.71,23.1,100,69.8
39,45,46,35,43,0,1.396,1.71,22.7,100,69.6
39,45,46,36,43,0,1.226,1.73,22.5,100,69.5
39,45,46,36,43,0,1.123,1.74,22.5,100,69.4
39,45,45,36,43,0,0.987,1.84,22.4,100,69.3
39,45,45,36,43,0,0.783,1.99,22.3,100,69.5
39,45,46,36,43,0,0.698,2.21,22.2,100,69.4
39,45,45,36,43,0,0.562,2.02,22.1,99,69.3
39,45,56,36,43,0,0.443,2.33,22,100,69.8
39,45,49,36,43,0,0.409,1.92,21.9,100,69.6
39,45,47,36,43,0,0.34,2.05,22,100,69.5
39,45,46,36,43,0,0.289,1.95,22,100,69.3
39,45,45,36,43,8,0.255,2.05,22,100,69.2
39,45,45,36,43,21,0.221,2.07,22.3,100,69.1
39,45,44,36,43,56,0.187,2.2,22.6,100,69
39,45,44,36,43,58,0.17,2.23,23,100,69
39,45,44,36,43,63,0.136,2.4,23.2,100,68.9
39,45,44,36,43,87,0.119,2.59,23.4,100,68.9
39,45,44,36,43,113,0.085,2.7,23.7,100,68.7
39,44,43,36,43,120,0.068,2.59,24.1,100,68.7
39,44,43,36,43,119,0.051,2.47,24.5,100,68.5
39,44,43,36,43,70,0.051,1.9,24.6,100,68.5
39,44,43,36,43,68,0.034,1.67,24.6,100,68.4
39,44,43,36,43,40,0.051,1.63,24.7,100,68.4
39,44,43,36,43,13,0.017,1.51,24.6,100,68.3
121,132,154,-1,90,0,0.187,1.4,24.1,100,72.6
58,67,109,15,53,0,0.017,1.24,23.8,100,71.8
38,51,76,29,44,0,0,1.15,23.7,100,71.2
38,46,58,33,44,0,0.017,1.21,23.4,100,70.8
38,45,50,34,44,0,0,1.18,23,100,70.5
38,45,48,34,44,0,0.017,1.2,22.9,100,70.2
38,45,46,35,44,0,0,1.22,22.8,99,70
38,45,45,35,44,0,0.017,1.25,22.8,100,69.8
38,45,44,35,44,0,0,1.31,22.8,100,69.6
38,45,44,35,44,0,0,1.22,22.8,100,69.5
37,44,44,35,44,0,0.017,1.35,22.8,100,69.4
37,44,43,35,44,13,0,1.29,22.9,100,69.2
37,44,43,35,44,51,0.017,1.3,23.4,100,69.1
37,44,42,35,44,83,0,1.24,24,100,69
37,44,42,35,44,196,0.017,1.21,24.7,100,68.9
37,44,41,35,44,474,0,1.07,25.9,100,68.8
37,44,41,35,44,615,0.017,1.3,27.4,95,68.6
37,44,41,35,44,484,0,1.56,28.1,91,68.5
37,44,41,35,44,366,0.017,1.58,28.5,87,68.4
37,44,41,36,44,440,0,1.61,28.4,87,68.3
37,43,40,36,43,390,0,1.48,28.5,84,68.2
37,44,40,36,43,112,0.017,1.4,27.7,84,68.2
37,44,40,36,43,75,0,1.03,27.2,87,68.1
37,44,40,36,43,15,0.017,0.83,25.8,94,68
37,44,40,36,43,0,0,0.75,24.6,99,67.9
37,44,40,36,43,0,0,0.91,24,100,67.9
37,44,40,36,43,0,0.017,0.91,23.5,100,67.8
37,44,40,36,43,0,0,0.97,23.1,100,67.7
37,44,40,36,43,0,0.017,1,22.8,100,67.6
37,44,40,36,43,0,0,1.02,22.7,100,67.5
37,44,40,35,43,0,0,1.09,22.4,99,67.5
37,44,40,36,43,0,0.017,1.12,22.1,100,67.4
37,44,40,36,43,0,0,1.09,22,100,67.3
37,44,40,36,43,0,0.017,1.09,21.7,100,67.2
37,44,40,36,43,0,0,1.15,21.9,100,67.1
37,44,40,36,43,13,0,1.23,22.3,100,67.1
37,43,40,36,43,130,0.017,1.47,23.9,100,67
37,43,40,36,43,116,0,1.19,25.1,100,66.9
37,43,40,36,43,223,0.017,0.97,25.8,98,66.9
37,43,40,36,43,188,0,0.94,26.5,96,66.8
37,43,40,36,43,341,0.017,1,27.1,95,66.7
37,43,40,36,43,423,0,0.97,28.5,89,66.7
37,43,40,36,43,281,0,0.85,28.8,87,66.6
37,43,40,36,43,282,0.017,0.75,28.9,87,66.5
37,43,40,36,43,214,0,1,28.9,86,66.4
37,43,40,36,43,98,0.017,1.6,28.3,81,66.3
37,43,40,36,43,38,0,1.46,27.6,82,66.3
37,43,40,36,43,5,0.017,0.69,27,85,66.2
37,43,40,36,43,0,0,0.55,26.5,88,66.2
37,43,40,36,43,0,0,0.47,26.1,91,66.1
37,43,40,36,43,0,0.017,0.6,26.2,89,66.2
37,43,40,36,43,0,0,0.7,25.4,93,66.2
37,43,40,36,43,0,0,0.56,24.8,98,66.5
37,43,40,36,43,0,0.017,0.53,24.4,100,66.5
37,43,40,36,43,0,0,0.73,24.6,99,66.6
37,43,40,36,43,0,0.017,0.9,24.8,100,66.6
37,43,40,36,43,0,0,1,25,99,66.4
37,43,44,36,43,0,0,2.87,25.1,96,66.8
37,43,43,36,43,0,0,3.5,25.3,96,66.9
37,43,42,36,43,3,0,4.14,26.1,94,66.9
37,44,46,36,43,21,0,2.58,25.3,98,67.1
37,44,46,36,43,33,0,1.63,25.2,100,67.2
37,44,46,36,43,49,0,1.75,24.6,100,67.4
37,44,44,36,43,85,0,1.64,25.2,100,67.4
37,44,43,36,43,94,0,1.93,25.7,99,67.3
37,44,43,36,43,90,0,2.93,26.2,91,67.3
37,44,42,36,43,76,0,2.74,26,89,67.2
37,44,42,36,43,109,0.017,2.38,25.8,90,67.2
37,44,42,36,43,153,0,2.8,26.2,88,67
37,44,41,36,43,131,0,2.64,26.1,88,67
37,44,41,36,43,37,0.017,2.2,25.8,88,66.8
37,44,41,36,43,12,0,2.35,25.6,89,66.8
37,44,41,36,43,0,0,2.05,25.2,90,66.7
37,44,41,36,43,0,0.017,1.34,24.7,91,66.7
37,44,40,36,43,0,0,1.32,23.7,96,66.6
37,44,40,36,43,0,0,1.14,23.3,98,66.6
37,44,40,36,43,0,0.017,0.75,23,99,66.5
37,44,40,36,43,0,0,0.6,22.5,99,66.4
37,44,40,36,43,0,0,0.8,22.1,99,66.4
37,44,40,36,43,0,0.017,0.82,21.8,100,66.3
37,44,40,36,43,0,0,0.76,21.1,100,66.2
37,44,40,36,43,0,0,0.93,21.1,100,66.2
37,44,40,36,43,0,0.017,0.96,21.3,100,66.1
37,44,40,36,43,10,0,1.06,21.5,100,66.1
37,44,40,36,43,65,0,1.09,22,100,66
37,43,40,36,43,195,0.017,1.03,23,100,66
37,43,40,36,43,326,0,0.98,24.5,99,65.9
37,43,40,36,43,344,0.017,1.13,25.9,93,65.9
37,43,40,36,43,366,0,0.94,26.2,89,65.9
37,43,40,36,43,535,0,0.87,27.5,84,65.7
37,43,40,36,43,412,0.017,0.92,27.8,81,65.8
37,43,40,36,43,397,0,0.97,28.4,77,65.6
37,43,40,36,43,179,0,0.79,28.1,81,65.6
37,43,40,36,43,114,0.017,0.88,27.4,85,65.5
37,43,40,36,43,48,0,1.04,26.5,86,65.5
37,43,40,36,43,7,0,0.61,25.5,92,65.5
37,43,40,36,43,0,0.017,0.47,24.7,97,65.5
37,43,40,36,43,0,0,0.46,24.4,99,65.4
37,43,40,36,43,0,0,0.48,24.1,100,65.4
37,43,40,36,43,0,0.017,0.48,23.9,100,65.4
37,43,40,36,43,0,0,0.5,23.8,100,65.3
37,43,40,36,43,0,0,0.81,23.8,100,65.3
37,43,40,36,43,0,0.017,0.93,23.7,99,65.3
37,43,40,36,43,0,0,0.99,23.6,100,65.2
37,43,40,36,43,0,0,1.11,23.4,100,65.2
37,43,40,36,43,0,0.017,1.13,23.1,100,65.1
37,43,40,36,43,0,0,1.13,22.8,100,65.1
37,43,40,36,43,11,0,1.18,22.9,100,65.1
37,43,40,36,43,72,0.017,1.36,23.4,100,65
37,43,40,36,43,211,0,1.32,25,100,65
37,43,40,36,43,334,0,0.99,26.7,95,65
37,43,40,36,43,275,0.017,0.92,27.3,90,64.9
37,43,40,37,43,504,0,0.99,28.5,87,64.9
37,43,40,37,43,419,0,0.89,29.4,83,64.7
37,43,40,37,43,375,0.017,0.85,29,84,64.7
37,43,40,37,43,206,0,1.23,29.2,81,64.7
37,43,40,37,43,113,0,0.64,28.5,86,64.6
37,43,40,37,43,84,0.017,1.23,27.2,89,64.6
37,43,40,37,43,54,0,0.58,26.5,94,64.6
37,43,40,37,43,5,0,0.49,25.9,97,64.6
37,43,40,37,43,0,0.017,0.54,25.4,100,64.5
37,43,40,37,43,0,0,0.87,26,96,64.5
37,43,40,37,43,0,0,0.7,26.1,94,64.5
37,43,40,36,43,0,0.017,0.65,25.3,98,64.5
37,43,40,36,43,0,0,0.46,24.8,100,64.5
37,43,40,36,43,0,0,0.49,24.3,100,64.4
37,43,40,36,43,0,0.017,0.65,23.5,99,64.4
37,43,40,36,43,0,0,0.81,24,100,64.4
37,43,40,36,43,0,0,0.92,23.7,100,64.3
37,43,40,36,43,0,0,1.14,23.3,100,64.3
37,43,40,36,43,0,0.017,1.09,23.3,100,64.3
37,43,40,36,43,28,0,1.07,23,100,64.3
37,43,40,36,43,167,0,1.35,24.8,100,64.3
37,43,40,37,43,324,0.017,1.21,26.4,98,64.2
37,43,40,37,43,519,0,0.96,27.6,90,64.2
37,43,40,37,43,640,0.017,1.39,28.4,82,64.1
37,43,40,37,43,412,0,1.11,28.4,77,64
37,43,40,37,43,383,0,0.92,28.3,77,63.9
37,43,40,37,43,398,0,0.94,28.3,76,63.9
37,43,40,37,43,525,0.017,1.1,28.9,74,63.8
37,43,40,37,43,471,0,1.25,29.3,70,63.7
37,43,40,37,43,318,0,1.25,29,70,63.7
37,43,40,37,43,89,0,1.33,27.9,77,63.7
37,43,42,37,43,12,0.017,0.77,26.3,86,63.6
37,43,42,37,43,0,0,0.47,24.8,94,63.6
37,43,42,37,43,0,0,0.47,24.1,97,63.6
37,43,42,37,43,0,0,0.41,23.5,99,63.5
37,43,42,37,43,0,0.017,0.46,23.4,100,63.5
37,43,42,37,43,0,0,0.5,23.4,100,63.5
37,43,42,37,43,0,0,0.47,23.2,100,63.5
37,43,42,37,43,0,0.017,0.48,22.9,99,63.4
37,43,42,37,43,0,0,0.6,23,100,63.4
37,43,42,37,43,0,0,0.75,22.8,100,63.4
37,43,42,37,43,0,0,0.94,22.4,100,63.4
37,43,43,37,43,0,0.017,1.02,22.4,100,63.3
37,43,43,37,43,12,0,1.12,22.6,100,63.3
37,43,43,37,43,37,0,1.03,23,100,63.4
37,43,43,37,43,182,0,1.08,23.4,100,63.4
37,43,43,37,43,455,0.017,1.19,25.6,98,63.3
37,43,43,37,43,588,0,1.1,28.1,85,63.3
37,43,43,37,43,360,0,0.78,27.8,85,63.2
37,43,43,37,43,422,0,1.24,28.3,82,63.2
37,43,43,37,43,309,0.017,1.13,28.6,81,63
37,43,43,37,43,198,0,0.8,28.4,83,62.9
37,43,43,37,43,501,0,1.23,29.1,82,62.7
37,43,43,37,43,267,0,1.19,28.6,82,62.7
37,43,43,37,43,64,0.017,1.05,27.3,84,62.7
37,43,43,37,43,6,0,0.63,26.2,91,62.7
37,43,43,37,43,0,0,0.78,25.3,95,62.7
37,43,43,37,43,0,0,0.48,24.5,99,62.8
37,47,47,37,43,0,0.017,0.41,23.4,100,63.5
37,44,45,37,43,0,0,0.34,22.7,100,63.8
37,44,44,37,43,0,0,0.36,22.1,100,64
37,44,44,37,43,0,0,0.45,21.5,100,64.1
37,44,44,37,43,0,0.017,0.36,21.2,99,64.1
37,44,44,37,43,0,0,0.39,21,100,64.2
37,44,44,37,43,0,0,0.45,20.9,100,64.2
37,44,44,37,43,0,0.017,0.5,20.9,100,64.2
37,44,43,37,43,0,0,0.63,20.8,100,64.2
37,44,43,37,43,4,0,0.66,20.8,100,64.2
37,44,43,37,44,24,0,0.71,20.9,100,64.2
37,44,43,37,44,51,0.017,0.62,21.2,98,64.2
37,44,43,37,43,60,0,0.65,21.3,97,64.2
37,44,43,37,43,75,0,0.63,21,97,64.2
37,44,43,37,43,100,0.017,0.57,20.6,95,64.1
37,44,43,37,43,119,0,0.57,20.4,95,64.1
37,44,43,37,43,106,0,0.57,20.1,93,64
37,44,43,37,43,87,0,0.57,19.7,93,64
37,44,43,37,43,72,0.017,0.46,19.7,93,64
37,44,43,37,43,43,0,0.49,19.5,94,64
37,44,43,37,43,24,0,0.5,19.1,96,64
37,44,43,37,43,6,0,0.39,18.9,98,64
37,44,43,37,43,0,0.017,1.61,19,98,64
37,44,43,36,43,0,0,0.52,19.1,96,64
37,44,43,36,43,0,0,0.57,19.1,94,64
37,44,43,37,43,0,0,0.38,19.1,92,64
37,44,43,37,43,0,0.017,0.44,19.3,92,64
37,44,43,37,43,0,0,0.5,19.3,92,64
37,44,43,37,43,0,0,0.48,19.3,92,64
37,44,43,37,43,0,0,0.31,19.2,93,63.9
37,44,43,36,43,0,0.017,0.38,18.9,94,63.9
37,44,43,36,43,0,0,0.47,18.6,93,63.9
37,44,43,36,43,0,0,0.59,17.9,96,63.9
37,44,43,36,43,17,0,0.71,17.5,99,63.9
37,44,43,36,43,181,0.017,0.56,19.4,98,63.9
37,44,43,37,43,393,0,0.56,22.3,86,63.8
37,44,43,37,43,581,0,0.57,23.6,77,63.8
37,43,42,37,43,727,0,0.93,24.5,73,63.8
37,43,42,37,43,778,0.017,1.25,25.1,70,63.7
37,43,42,37,43,847,0,1.37,25.8,69,63.6
37,43,42,37,43,667,0,0.62,26.2,67,63.5
37,43,42,37,43,616,0,0.78,26.7,64,63.5
37,43,42,37,43,532,0.017,0.68,27,62,63.5
37,43,42,37,43,342,0,0.65,27.5,61,63.4
37,43,42,37,43,58,0,0.32,25.9,67,63.3
37,44,42,37,43,11,0,0.28,23.3,82,63.2
37,44,42,37,43,0,0,0.23,20.8,91,63.2
37,44,42,37,43,0,0.017,0.18,19.5,95,63.2
37,44,42,37,43,0,0,0.18,18.6,98,63.1
37,44,42,37,43,0,0,0.17,18,99,63.1
37,44,42,37,43,0,0,0.13,17.5,100,63
37,44,42,37,43,0,0.017,0.16,17,100,63
37,44,42,37,43,0,0,0.18,16.5,99,62.9
37,44,42,37,43,0,0.017,0.14,16.1,100,62.9
37,44,42,37,43,0,0,0.16,15.8,100,62.8
37,44,42,37,43,0,0.017,0.16,15.4,100,62.7
37,44,42,37,43,0,0,0.19,15.2,100,62.7
37,44,42,37,43,43,0.017,0.27,15.2,100,62.7
37,44,42,37,43,218,0,0.66,17.1,100,62.7
37,43,42,37,43,397,0,0.85,20,98,62.7
37,43,42,37,43,578,0.017,0.57,23.6,83,62.5
37,43,42,37,43,717,0,0.83,25.5,70,62.3
37,43,42,37,43,800,0.017,1.3,26.4,66,62.2
37,43,42,37,43,826,0,1.2,27.3,66,61.8
37,43,42,37,43,812,0,1.39,28.4,65,61.7
37,43,42,37,43,679,0,1.49,29.1,64,61.4
37,43,42,37,43,470,0,1.25,29.3,63,61.1
37,43,42,37,43,203,0.017,0.76,27.8,68,61
37,43,42,37,43,51,0,0.51,25.9,74,60.9
37,44,42,37,43,7,0,0.44,24.5,76,60.8
37,44,42,37,43,0,0,0.33,22.7,86,60.7
37,44,42,37,43,0,0,0.25,21.9,93,60.6
37,44,42,37,43,0,0.017,0.25,21.8,95,60.5
37,44,42,37,43,0,0,0.27,21.6,97,60.4
37,44,42,37,43,0,0,0.24,21.2,98,60.3
37,44,42,37,43,0,0,0.26,20.6,100,60.2
37,44,42,37,43,0,0.017,0.26,20.2,99,60.2
37,44,42,37,43,0,0,0.28,20.1,100,60.1
37,44,42,37,43,0,0,0.36,20.1,100,60
37,44,42,37,43,0,0,0.36,20.2,100,59.9
37,44,42,37,43,0,0,0.45,20.5,100,59.9
37,44,42,37,43,13,0.017,0.51,20.8,100,59.8
37,44,42,37,43,113,0,0.73,21.8,100,59.7
37,43,42,37,43,331,0,1.11,25,93,59.6
37,43,42,37,43,430,0,0.76,26.9,82,59.4
37,43,42,37,43,320,0.017,0.8,26.4,80,59.2
37,43,42,37,43,517,0,0.92,27.1,79,58.8
37,43,42,37,43,522,0,1.1,27.6,77,58.4
37,43,42,37,43,734,0,1.28,28.8,71,57.9
102,43,40,38,43,617,0,1.09,29.5,67,64.8
101,43,40,37,43,334,0,0.98,29.2,71,66.5
37,43,42,37,43,204,0.017,1.04,28.1,73,65.9
37,43,42,37,43,85,0,1.07,27.4,75,65.5
37,43,42,37,43,5,0,0.36,25.8,82,65.3
37,44,42,37,43,0,0,0.41,24.4,88,65
37,44,42,37,43,0,0,0.69,24,89,64.9
37,44,42,37,43,0,0,0.38,23.7,91,64.8
37,44,41,37,43,0,0.017,0.38,23.5,92,64.7
37,44,42,37,43,0,0,0.35,23.1,95,64.6
37,44,42,37,43,0,0,0.34,22.7,97,64.6
37,44,42,37,43,0,0,0.4,22.2,99,64.6
37,44,42,37,43,0,0,0.35,22.1,100,64.5
37,44,42,37,43,0,0.017,0.26,21.6,100,64.4
37,44,42,37,43,0,0,0.23,21,97,64.4
37,44,42,37,43,0,0,0.25,20.4,97,64.3
37,44,42,37,43,18,0,0.21,19.4,100,64.3
37,44,42,37,43,125,0,0.33,19.9,100,64.2
37,43,42,37,43,312,0,0.41,22.6,88,64.2
37,43,41,37,43,459,0,0.65,23.9,79,64.1
99,43,40,37,43,678,0.017,1.36,24.9,76,65.3
99,43,40,37,43,767,0,1.04,26.3,72,66.3
98,43,40,37,43,809,0,1.33,27,69,66.5
97,43,40,37,43,773,0,1.6,27.5,66,66.5
94,43,40,37,43,571,0,1.26,28.1,65,66.6
96,43,40,37,43,318,0,1.02,27.5,67,67
82,44,48,37,43,178,0,0.83,26.8,72,67.4
57,43,43,37,43,58,0,0.56,26,76,67.6
83,44,47,37,43,7,0,0.36,24,86,68.6
84,44,47,37,43,0,0,0.26,22.7,92,69
85,44,47,37,43,0,0,0.18,21.4,96,69.5
85,44,47,37,43,0,0,0.21,20.3,99,69.8
86,44,47,37,43,0,0,0.25,19.3,99,70.1
86,44,47,37,43,0,0.017,0.22,18.5,100,70.2
86,44,48,37,43,0,0,0.19,17.6,100,70.3
88,44,52,36,43,0,0,0.21,17,99,70.4
88,44,51,36,43,0,0,0.28,16.2,100,70.5
88,44,49,36,43,0,0,0.48,16.3,99,70.5
90,45,48,36,43,0,0,0.3,15.5,100,70.4
93,44,51,36,43,0,0,0.27,15,100,70.3
93,44,52,36,43,38,0,0.27,14.6,100,70.3
92,44,51,36,43,216,0,0.56,17,99,70.3
92,44,47,37,43,394,0,0.48,21.1,78,70.3
92,44,47,37,43,578,0,0.48,23.5,67,70.2
92,44,47,37,43,720,0,0.55,25.2,62,70.1
92,44,47,37,43,808,0,0.79,25.9,59,70.2
93,44,45,37,43,833,0,0.68,26.5,57,70.1
93,44,45,37,43,785,0,0.74,26.9,57,70.2
93,44,45,37,43,687,0,0.82,27.4,56,70.1
93,44,48,37,43,527,0,0.63,27.6,55,70.2
93,44,49,37,43,335,0,0.42,27.8,54,70.2
93,44,48,37,43,76,0,0.26,27,56,70.2
92,44,48,37,43,6,0,0.23,22.2,76,70.1
75,44,43,37,43,0,0,0.53,19.4,87,69.9
75,44,42,36,43,0,0,0.21,18.1,91,69.8
75,44,42,36,43,0,0,0.22,17.1,95,69.7
74,44,42,36,43,0,0,0.33,16.3,96,69.6
73,44,42,36,43,0,0,0.27,15.8,98,69.5
71,44,42,36,43,0,0,0.29,15.3,99,69.4
70,44,41,36,43,0,0,0.28,14.9,99,69.3
69,44,41,36,43,0,0,0.25,14.6,100,69.2
69,44,41,36,43,0,0.017,0.27,14.4,100,69.2
67,44,41,36,43,0,0,0.2,15,100,69.2
68,44,41,36,43,0,0,0.22,15.2,100,69.1
68,44,41,36,43,9,0,0.23,15.4,100,69.1
69,44,41,36,43,76,0,0.27,16,100,69
69,43,41,36,43,250,0,0.57,17.5,100,69
68,43,41,37,43,515,0,0.63,21.2,87,69
68,43,40,37,43,658,0,0.94,23.8,73,68.9
51,43,40,37,43,795,0,0.91,26.4,64,69.1
51,43,40,37,43,836,0,0.66,28.7,50,69
50,43,40,37,43,805,0,0.6,30.1,40,69
51,43,40,37,43,760,0,0.32,30.3,37,69.1
52,43,40,37,43,24,0,0.32,24.7,56,69.2
54,43,40,37,43,6,0,0.24,21.3,70,69.3
54,43,40,37,43,0,0,0.3,18.5,81,69.3
55,43,40,37,43,0,0,0.3,17.1,88,69.4
54,43,40,36,43,0,0,0.34,16.2,92,69.5
54,43,40,36,43,0,0,0.47,15.5,95,69.5
55,43,40,36,43,0,0,0.33,15.2,96,69.5
55,44,40,36,43,0,0,0.28,14.8,98,69.5
55,43,40,36,44,0,0,0.27,14.4,99,69.6
55,44,40,36,44,0,0,0.27,14.2,100,69.6
55,44,40,36,43,0,0,0.22,14.1,100,69.6
55,44,40,36,44,0,0,0.19,14,100,69.7
55,44,40,36,43,0,0,0.17,14.7,100,69.7
55,43,40,36,44,29,0,0.22,15.5,100,69.7
56,43,40,36,44,189,0,0.47,17.6,99,69.8
56,43,40,37,43,367,0,0.57,20.8,86,69.8
56,43,40,37,43,565,0,1.04,22.5,74,69.8
56,43,40,37,43,676,0,99,23.3,64,69.8
56,43,40,37,43,583,0,95,23.3,63,69.9
56,43,40,37,43,559,0,103,23.8,62,69.8
56,43,40,37,43,752,0,117,24.8,58,69.9
56,43,39,37,43,698,0,106,25.1,56,69.7
56,43,39,37,43,515,0,106,25.6,56,69.9
64,43,39,37,43,311,0,119,25.7,52,69.9
52,43,39,37,43,83,0,116,24.5,52,69.9
52,43,39,37,43,5,0,336,20.2,58,69.9
52,43,39,37,43,0,0,351,17.7,77,69.8
52,43,39,36,43,0,0,37,16.4,87,69.8
51,43,39,36,43,0,0,19,15.6,93,69.7
51,43,39,36,43,0,0,28,15,96,69.7
51,43,39,36,43,0,0,10,14.5,98,69.7
50,43,39,36,43,0,0,42,14,99,69.6
49,43,39,36,43,0,0,17,14,100,69.6
50,43,39,36,43,0,0,40,13.4,99,69.6
49,43,39,36,43,0,0,29,13,100,69.6
48,43,39,36,44,0,0,16,12.7,100,69.5
48,43,39,36,43,0,0,58,13.3,100,69.5
48,43,39,36,44,7,0,356,13.9,100,69.5
48,43,39,36,44,44,0,145,14.6,100,69.5
48,43,39,36,43,183,0,194,16.4,100,69.6
48,43,39,37,43,521,0,113,19.7,100,69.5
47,43,39,37,43,779,0,107,23,91,69.4
46,43,39,37,43,847,0,94,24.2,66,69.5
38,43,39,37,43,606,0,76,24.1,59,69.2
38,43,39,37,43,573,0,93,23.9,60,69.2
38,43,39,37,43,430,0,106,24.1,62,69
38,43,39,37,43,311,0,98,24.1,63,68.9
38,43,39,37,43,134,0,78,23.4,63,68.9
38,43,40,37,43,44,0,79,22.5,63,68.8
38,43,40,37,43,4,0,65,21.6,64,68.7
38,43,40,37,43,0,0,48,20.8,65,68.6
38,43,40,37,43,0,0,351,19.7,68,68.6
38,43,40,37,43,0,0,288,18.8,72,68.5
38,43,40,37,43,0,0,296,18.5,77,68.4
37,43,40,37,43,0,0,48,18.6,78,68.4
37,43,40,37,43,0,0,65,19.2,78,68.3
37,43,40,37,43,0,0,76,19.6,77,68.3
37,43,40,37,43,0,0,306,18.1,76,68.2
37,43,40,37,43,0,0,80,17.6,90,68.2
37,43,40,37,43,0,0,236,17.5,96,68.4
37,43,40,37,43,0,0,71,17.5,99,68.4
37,43,40,36,43,4,0,189,17.5,100,68.4
37,43,40,37,43,20,0,138,17.6,100,68.4
37,43,41,36,43,48,0,102,17.7,100,68.4
37,43,40,37,43,88,0,67,17.8,100,68.5
37,44,41,37,43,92,0,56,18.2,100,68.4
37,43,40,36,43,139,0,29,18.4,100,68.4
37,43,40,36,43,77,0,29,18.5,100,68.7
37,48,46,36,43,37,0,4,18.1,100,69.4
38,56,59,36,43,26,0,80,17.7,100,70.1
43,58,57,36,43,16,0,163,17.2,100,70.4
42,54,53,36,43,15,0,99,17.1,100,70.4
41,50,51,36,43,7,0,238,16.8,100,70.4
45,62,58,36,43,0,0,259,16.7,100,70.7
55,64,56,36,43,0,0,240,16.6,100,70.7
54,65,57,36,44,0,0,259,16.5,100,70.5
46,59,52,36,44,0,0,264,16.6,100,70.4
51,62,52,36,44,0,0.017,259,16.6,100,70.5
42,57,47,36,44,0,0,260,16.7,100,70.2
40,51,44,36,44,0,0,262,16.6,100,70
40,51,45,36,44,0,0,257,16.5,100,70
40,50,44,36,44,0,0,253,16.4,99,70
40,51,44,36,44,0,0,251,16.3,100,70
40,53,46,36,44,0,0.017,250,16.4,100,70.3
48,62,52,36,44,0,0,262,16.4,100,70.4
54,64,54,36,44,3,0,262,16.5,100,70.7
81,76,67,30,50,16,0,265,16.5,100,70.8
58,67,51,34,44,25,0,276,16.7,100,70.6
51,63,49,34,44,62,0,280,16.9,100,70.5
47,62,47,34,44,79,0.017,291,17.2,100,70.5
53,64,48,34,44,92,0,293,17.2,100,70.4
41,60,45,35,44,100,0,305,17.4,100,70.5
41,60,45,35,44,68,0.017,299,17.4,100,70.4
40,58,45,35,44,50,0,305,17.5,100,70.3
40,56,45,35,44,31,0,304,17.3,100,70.6
49,64,48,35,44,12,0,308,17,100,70.5
59,66,50,34,44,3,0.017,319,16.7,100,70.7
60,68,50,34,46,0,0,304,16.3,100,70.7
52,64,47,34,45,0,0,309,16.4,100,70.5
41,52,44,35,44,0,0,316,17.3,100,70.1
41,47,42,35,44,0,0.017,314,18.5,99,69.8
41,46,41,35,44,0,0,337,19.5,94,69.5
41,45,41,35,44,0,0,293,19.8,84,69.2
41,45,41,35,44,0,0.017,264,19.7,80,69.1
41,45,41,35,44,0,0,260,19.6,79,68.9
41,45,41,36,44,0,0,251,18.9,77,68.8
41,45,41,36,44,0,0,253,17.3,80,68.6
41,45,41,36,44,0,0.017,240,16.7,92,68.6
41,45,41,36,44,0,0,245,16.6,98,68.5
41,45,40,36,44,10,0,224,16.5,99,68.4
40,45,40,36,44,69,0,212,17.2,100,68.3
40,45,40,36,44,142,0,201,18.3,100,68.2
40,45,40,36,44,133,0.017,178,19,99,68.1
40,45,40,36,44,172,0,177,18.7,93,68.1
40,45,40,36,44,201,0,218,19,94,68
40,45,40,36,44,212,0,253,18.5,94,68
40,45,40,36,44,101,0,245,18.6,96,67.9
40,45,40,36,44,96,0,216,18.3,97,67.9
40,45,40,36,44,87,0,158,18.5,98,67.8
40,45,40,36,44,54,0.017,206,18.8,98,67.8
40,45,40,36,44,25,0,216,18.7,96,67.7
40,45,40,36,44,3,0,221,18.5,96,67.6
40,45,40,36,44,0,0,229,18.2,98,67.6
40,45,40,36,44,0,0,240,18,100,67.5
40,45,40,36,44,0,0,246,17.8,100,67.5
40,45,40,36,44,0,0,251,17.1,100,67.4
40,45,40,36,44,0,0,242,17,100,67.4
40,45,40,36,44,0,0,247,16.9,100,67.3
40,45,40,36,44,0,0,242,16.7,100,67.2
40,45,40,36,44,0,0,233,16.7,99,67.2
40,45,40,36,44,0,0,247,16.1,100,67.1
40,45,40,36,44,0,0.017,244,16,100,67.1
40,45,40,36,44,0,0,249,15.7,100,67
40,45,40,36,44,8,0,256,15.1,100,66.9
40,45,40,36,44,66,0,263,14.9,100,66.9
40,45,40,36,44,336,0,217,16.3,100,66.8
40,45,40,36,44,586,0,197,18.7,100,66.7
40,45,40,36,44,699,0,165,20.7,94,66.6
40,44,40,36,44,782,0,120,22.2,80,66.6
40,44,40,36,44,828,0,112,23.4,70,66.5
40,44,40,36,44,786,0,117,24.3,62,66.4
40,44,40,36,44,573,0,108,24.8,57,66.4
40,44,40,36,44,389,0.017,114,24.4,53,66.3
40,44,40,36,44,244,0.034,171,24.1,51,66.2
40,44,40,36,44,76,0.017,268,21.5,56,66.1
40,45,40,36,44,6,0.017,6,18.4,72,66.1
40,45,40,36,44,0,0,2,16.1,83,66
40,45,40,36,44,0,0.017,351,15,91,65.9
40,44,40,36,44,0,0,4,14.1,95,65.8
40,44,40,36,44,0,0.017,13,13.4,98,65.8
40,44,40,36,44,0,0,353,12.8,99,65.7
40,44,40,36,44,0,0,18,12.4,100,65.6
40,44,40,36,44,0,0,22,11.9,100,65.6
40,44,40,36,44,0,0.017,24,11.6,99,65.5
40,44,40,36,44,0,0,27,11.1,100,65.4
40,44,40,36,44,0,0,12,10.9,100,65.3
40,44,40,36,44,0,0,19,10.9,100,65.3
40,44,40,36,44,30,0,77,10.8,100,65.2
40,44,40,36,44,195,0.017,208,12.5,100,65.2
40,44,40,36,44,321,0,189,15.5,100,65.2
40,44,39,36,44,472,0,144,19,100,65.1
40,44,39,36,44,634,0.017,119,21.4,91,65
40,44,39,36,44,700,0,109,22.6,76,64.9
40,44,39,36,44,631,0,107,23.5,69,64.9
40,44,39,36,44,461,0,106,23.6,665,64.8
40,44,39,36,44,373,0,110,23.5,61,64.8
40,44,39,36,44,300,0.017,126,23.3,59,64.7
40,44,39,36,44,165,0,121,22.9,59,64.6
40,44,39,36,44,40,0,239,21.3,65,64.6
40,44,40,36,44,3,0,356,19,80,64.5
40,44,40,36,44,0,0,351,17.4,88,64.5
40,44,40,36,44,0,0.017,39,16.7,93,64.4
40,44,40,36,44,0,0,40,15.8,97,64.3
40,44,40,36,44,0,0,55,15.1,99,64.2
40,44,40,36,44,0,0,40,14.6,99,64.2
40,44,40,36,44,0,0,45,14.4,100,64.1
40,44,40,36,44,0,0,82,14.6,100,64.1
40,44,40,36,44,0,0,77,14.8,99,64.1
40,44,40,36,44,0,0.017,78,14.6,100,64
40,44,40,36,44,0,0,81,14.5,100,64
40,44,40,36,44,0,0,238,14.5,100,64
40,44,40,36,44,20,0,222,14.3,100,63.9
40,44,40,36,44,127,0,191,15.8,100,64
40,44,39,36,44,347,0,217,19.5,100,64
40,43,39,36,44,529,0.017,185,22.9,97,63.9
40,43,39,36,44,363,0,116,24.7,82,63.8
40,43,39,36,44,244,0,115,25.6,73,63.9
40,43,39,36,44,351,0,109,26.1,69,63.8
40,43,39,37,43,543,0,113,26.4,97,63.8
40,43,39,37,43,416,0,124,27,96,63.7
40,43,39,37,43,220,0,123,26.5,63,63.7
40,43,39,37,43,93,0,134,26,65,63.7
40,43,39,37,43,16,0,168,23.9,68,63.6
40,44,39,36,44,1,0,174,22.4,81,63.7
40,44,39,36,44,0,0.017,157,20.8,90,63.7
40,44,39,36,44,0,0,149,19.4,94,63.6
40,44,39,36,44,0,0,174,18.7,97,63.6
40,44,39,36,44,0,0,221,18,98,63.6
40,44,39,36,44,0,0,144,17.6,100,63.5
40,44,39,36,44,0,0,137,17.7,100,63.5
40,44,39,36,44,0,0,197,17.5,100,63.5
40,44,39,36,44,0,0,185,17.6,99,63.5
40,44,39,36,44,0,0.017,207,17.9,100,63.4
40,44,39,36,44,0,0,224,18,100,63.4
40,44,39,36,44,0,0,231,18,100,63.4
40,44,39,36,44,4,0,225,17.8,100,63.4
40,44,39,36,44,43,0,223,19.1,100,63.4
40,44,39,36,44,69,0,239,22.1,100,63.4
40,43,39,36,44,108,0.017,212,23.1,92,63.3
40,43,39,37,44,146,0,118,24.3,84,63.3
40,43,39,37,44,189,0,115,24.5,77,63.3
40,43,39,37,44,172,0,134,25.1,74,63.3
40,43,39,37,44,254,0,127,25.1,72,63.2
40,43,39,37,44,147,0,116,25.2,74,63.2
40,43,39,37,44,60,0,119,24.4,75,63.2
40,43,39,37,44,36,0,116,24.2,82,63
40,43,39,37,44,12,0.017,165,23,83,63.1
40,44,39,36,44,0,0,178,21.9,90,63.1
40,44,39,36,44,0,0,183,21.3,97,63.1
40,44,39,36,44,0,0,231,21.2,100,63.2
40,44,39,36,44,0,0,187,21.1,100,63.2
40,44,39,36,44,0,0,219,21.1,100,63.4
40,44,39,36,44,0,0,199,21,100,63.5
40,44,39,36,44,0,0,218,20.8,100,63.9
40,44,39,36,44,0,0,214,20.7,100,63.9
40,44,39,36,44,0,0.017,242,20.8,99,63.9
40,44,39,36,44,0,0,238,20.9,100,64
40,44,39,36,44,0,0,239,20.9,100,64
40,44,39,36,44,0,0,230,20.8,100,64
40,44,39,36,44,0,0,233,20.9,100,64
40,44,39,36,44,4,0,236,20.9,100,64
40,44,39,36,44,15,0.017,234,21.3,100,64
40,44,39,36,44,44,0,234,21.9,100,64
40,44,39,36,44,68,0,236,22.9,100,64
40,43,39,36,44,114,0,212,24.2,100,64
40,43,39,36,44,121,0,195,25.2,98,64
40,43,39,36,44,96,0,194,25.8,92,64
40,43,39,36,44,67,0.017,144,25.7,86,64
40,43,39,37,44,97,0,211,26.1,87,64
40,43,39,37,44,100,0,235,25.7,88,64
40,43,39,36,44,9,0,206,24.5,89,64
40,43,39,36,44,1,0,187,23.3,91,64
40,43,39,36,44,0,0,168,22.7,96,64
40,43,39,36,44,0,0,164,22.6,99,64
40,43,39,36,44,0,0,165,22.5,100,64
40,43,39,36,44,0,0.017,216,22,100,63.9
40,43,39,36,44,0,0,199,21.7,100,63.9
40,43,39,36,44,0,0,229,21.5,100,63.9
40,43,39,36,44,0,0,230,21.4,100,63.9
40,43,39,36,44,0,0,229,21.3,99,63.9
40,43,39,36,44,0,0,225,21.3,100,63.9
40,44,39,36,44,0,0,228,21,100,63.9
40,43,39,36,44,0,0,226,21.3,100,63.9
40,43,39,36,44,2,0.017,225,21.4,100,63.8
40,43,39,36,44,24,0,223,21.8,100,63.8
40,43,39,36,44,59,0,215,23,100,63.8
40,43,39,37,44,98,0,195,24.8,100,63.7
40,43,39,37,44,161,0,166,26.7,96,63.7
40,43,39,37,44,168,0,196,28,87,63.8
40,43,39,37,43,276,0,150,28.5,79,63.8
40,43,39,37,43,206,0,170,28.4,75,63.8
40,43,39,37,43,315,0,127,28.8,71,63.7
40,43,39,37,43,204,0,220,28.4,73,63.7
40,43,39,37,43,226,0,241,27.6,76,63.6
40,43,39,37,43,57,0,186,26.3,77,63.6
40,43,39,37,43,1,0,156,24.2,84,63.6
40,43,39,36,43,0,0.017,155,23,91,63.5
40,43,39,36,44,0,0,160,21.8,95,63.4
40,43,39,36,44,0,0,152,21.1,99,63.4
40,43,39,36,44,0,0,163,20.7,100,63.4
40,43,39,36,44,0,0,150,20.7,100,63.4
40,43,39,36,44,0,0,197,21,100,63.3
40,43,39,36,44,0,0,189,21,100,63.3
40,43,39,36,44,0,0,188,20.8,99,63.3
40,43,39,36,44,0,0,198,20.7,100,63.2
40,43,39,36,44,0,0,195,20.5,100,63.2
40,43,39,36,44,0,0,219,20.4,100,63.2
40,43,39,36,44,2,0,224,20.2,100,63.1
40,43,39,36,44,17,0,227,20.9,100,63.1
40,43,39,36,44,46,0,220,22,100,63.1
40,43,39,37,44,78,0,184,23.7,98,63
40,43,39,37,44,102,0.017,199,24.8,89,63
40,43,39,37,44,108,0,203,25.9,81,62.9
40,43,39,37,44,127,0,167,25.8,77,62.9
40,43,39,37,44,80,0,233,25.2,80,63
40,43,39,37,44,229,0,190,25.7,88,62.8
40,43,39,37,43,269,0,164,26.9,90,62.7
40,42,39,37,43,263,0,192,27.4,82,62.7
40,43,39,37,43,70,0,231,26.2,78,62.6
40,43,39,37,43,1,0.017,217,24.4,83,62.6
40,43,39,37,43,0,0,125,23.2,90,62.6
40,43,39,37,44,0,0,134,23,96,62.6
40,43,39,37,44,0,0,128,23.1,98,62.5
40,43,39,37,44,0,0.017,156,23.1,99,62.5
40,43,39,37,44,0,0,181,23,100,62.5
40,43,39,37,44,0,0.017,181,22.6,100,62.5
40,43,39,36,44,0,0,166,22.2,100,62.5
40,43,39,37,44,0,0,202,22.3,99,62.4
40,43,39,37,44,0,0.017,189,22.3,100,62.5
40,43,39,36,44,0,0,191,22.1,100,62.4
40,43,39,37,44,0,0,224,22,100,62.4
40,43,39,36,44,0,0.017,228,21.8,100,62.5
40,43,39,36,44,0,0.068,229,21.7,100,62.4
40,43,39,36,44,0,0.051,228,21.6,100,62.7
40,43,39,36,44,4,0.034,224,21.6,100,63.4
40,43,39,36,44,14,0.017,229,22,100,63.8
40,43,39,36,44,48,0.017,222,22.6,100,64
40,43,39,36,44,42,0.017,222,23.3,100,64.1
40,43,39,36,44,17,0.017,234,22.7,100,64.5
40,43,39,36,44,12,0.017,238,22.1,100,64.9
40,43,39,36,44,11,0.017,228,21.6,100,64.9
40,43,39,36,44,6,0.017,228,21.3,100,65.1
40,43,39,36,44,3,0.034,212,21.1,100,65
40,42,39,36,44,0,0.017,223,20.7,100,64.9
40,42,39,36,44,0,0.017,236,20.1,100,64.8
40,42,39,36,44,0,0.017,241,19.9,100,64.7
40,42,39,36,44,0,0.017,239,19.7,100,64.7
40,42,39,36,44,0,0.017,236,19.8,100,64.6
40,42,39,36,44,0,0.017,240,19.8,100,64.6
40,42,39,36,44,0,0.017,231,19.8,100,64.5
40,42,39,36,44,0,0,232,19.8,100,64.6
40,42,39,36,44,0,0.017,237,19.8,100,64.6
40,42,39,36,44,0,0.034,241,19.7,100,64.7
40,42,39,36,44,0,0.034,239,19.5,100,64.7
40,42,39,36,44,0,0.034,237,19.2,100,65.2
40,42,39,36,44,0,0.034,232,19.2,100,65.5
40,43,39,36,44,0,0.034,238,19.3,100,65.8
40,48,40,36,44,1,0.034,231,19.3,100,66
40,55,41,36,44,1,0.034,233,19.6,100,66.4
77,82,57,36,44,1,0.017,238,19.7,100,69.2
84,84,60,36,46,0,0.034,235,20,100,70
92,80,66,31,57,1,0.034,229,20.2,100,70.5
108,102,78,19,70,8,0.017,235,20.7,100,70.8
88,82,55,22,66,10,0.034,239,21.1,100,70.8
59,67,51,29,54,4,0.017,240,21,100,70.6
132,124,74,1,109,1,0.017,232,21.2,100,71.4
117,106,64,1,103,0,0.017,234,21.4,100,71.1
86,75,52,8,91,0,0.017,212,21.9,100,70.5
71,71,48,15,74,0,0.017,209,22.4,100,70.6
42,56,45,25,54,0,0.017,141,22.8,100,70.3
46,58,46,23,57,0,0,226,22.8,100,70.5
40,54,45,26,48,0,0.017,232,22.6,100,70.2
40,44,44,34,44,0,0,148,23,100,70.1
40,44,44,34,44,0,0.017,243,22.9,100,70
40,43,44,35,44,0,0.017,251,23.3,100,69.7
40,43,43,35,44,0,0.017,240,23.6,100,69.6
40,43,43,35,44,0,0.017,234,23.3,100,69.5
40,43,43,35,44,0,0.017,220,22.8,100,69.3
40,43,43,35,44,0,0,224,22.5,100,69.2
40,42,43,35,44,13,0.017,249,22.5,100,69
39,42,42,35,44,158,0.017,243,22.8,98,68.8
39,42,42,35,44,199,0,243,23.6,93,68.6
39,42,42,35,44,458,0.017,245,24.8,8,68.6
39,42,42,36,44,635,0.017,226,26.8,83,68.5
39,42,42,36,44,684,0.017,242,27.4,75,68.3
39,42,42,36,44,640,0.017,250,27,71,68.3
39,42,42,36,43,773,0,247,28,69,68.2
39,42,42,36,43,392,0.017,245,26.9,64,68.2
39,42,42,36,43,299,0.017,243,27,67,68.2
39,42,42,36,43,160,0,225,26.4,67,68.1
39,42,42,36,43,31,0.017,190,24.1,69,68
39,42,42,36,43,1,0,121,22.1,81,68
39,42,42,36,43,0,0.017,123,20.4,89,67.9
39,42,42,36,43,0,0,133,19.6,96,67.9
39,42,42,36,43,0,0.017,146,18.9,99,67.8
39,42,42,36,43,0,0,160,18.4,100,67.7
39,42,42,36,44,0,0.017,148,18,100,67.7
39,42,42,36,44,0,0,203,17.6,100,67.6
39,42,42,36,44,0,0,163,17.2,100,67.5
39,42,42,36,44,0,0.017,186,16.8,99,67.5
40,42,42,36,44,0,0,191,16.5,100,67.4
40,42,42,36,44,0,0.017,189,16.1,100,67.4
40,42,42,36,44,0,0,190,15.9,100,67.3
40,42,42,36,44,10,0.017,182,15.9,100,67.3
39,42,42,36,44,149,0,198,16.9,100,67.2
39,42,42,36,44,336,0.017,217,19.7,100,67.2
39,41,42,36,44,500,0,199,23.2,100,67.2
39,41,42,36,44,636,0.017,144,25.6,92,67.1
39,41,41,36,44,718,0.017,117,26.7,76,67.1
39,41,41,36,43,738,0,114,27.1,67,67.1
39,41,41,36,43,690,0.017,125,27.1,64,66.9
39,41,41,36,43,542,0,216,26.6,65,66.9
39,41,41,36,43,410,0.017,205,26.2,72,67
39,41,41,36,43,216,0.017,238,25.3,72,66.9
39,42,42,36,44,35,0,193,23.1,71,66.9
39,42,42,36,44,1,0,111,20.9,75,66.9
39,42,42,36,44,0,0.017,122,19.6,87,66.8
39,42,42,36,44,0,0,116,19.3,94,66.8
39,42,42,36,44,0,0.017,116,19.7,97,66.7
39,42,42,36,44,0,0,114,20.2,99,66.7
39,42,42,36,44,0,0.017,112,20.3,99,66.7
39,42,42,36,44,0,0,139,20.1,100,66.6
39,42,42,36,44,0,0.017,162,20.1,100,66.6
39,42,42,36,44,0,0,140,19.9,99,66.6
39,42,42,36,44,0,0.017,190,19.4,100,66.5
39,42,42,36,44,0,0,200,18.9,100,66.4
39,42,42,36,44,0,0.017,208,18.4,100,66.4
39,42,42,36,44,11,0,211,18,100,66.4
39,42,42,36,44,119,0,215,18.8,100,66.3
39,42,42,36,44,258,0.017,214,21.3,100,66.3
39,41,41,36,44,383,0.017,214,23.5,99,66.3
39,41,42,36,44,339,0,183,23.7,88,66.1
39,41,41,36,44,432,0.017,140,24.3,84,66.2
39,41,41,36,44,355,0,139,24.3,78,66.2
39,41,41,36,44,347,0.017,156,24.9,76,66.2
39,41,41,36,44,339,0.017,137,25.3,74,66.2
39,41,41,36,44,295,0,127,25.1,72,66.1
39,41,41,36,44,165,0,146,25.2,71,66.1
39,42,42,36,44,43,0.017,142,23.5,72,66
39,42,42,36,44,1,0,270,20.6,79,66
39,42,42,36,44,0,0.017,206,19.6,91,65.9
39,42,42,36,44,0,0,185,19.3,93,65.8
39,42,42,36,44,0,0,133,19.2,95,65.7
39,42,42,36,44,0,0.017,138,19.1,97,65.7
39,42,42,36,44,0,0,142,19.3,91,65.6
39,42,42,36,44,0,0,103,19.2,89,65.6
39,42,42,36,44,0,0.017,80,18.8,89,65.5
39,42,42,36,44,0,0,32,18.3,85,65.4
39,42,42,36,44,0,0,34,18,85,65.4
39,42,42,36,44,0,0.017,46,17.6,84,65.3
39,42,42,36,44,0,0,41,17.3,84,65.3
39,42,42,36,44,7,0,31,17.1,83,65.2
39,42,42,36,44,105,0.017,40,17.3,83,65.2
39,42,42,36,44,230,0,80,18.6,84,65.1
39,41,42,36,44,324,0.017,77,18.7,82,65.1
39,41,41,36,44,474,0,87,19.9,77,65
39,41,41,36,44,497,0,93,19.9,72,65
39,41,41,36,44,553,0.017,100,21,70,64.9
39,41,41,36,44,638,0,105,21.6,66,64.9
39,41,41,36,44,388,0,91,21.7,63,64.8
39,41,41,36,44,298,0.017,95,21.7,63,64.8
39,41,42,36,44,126,0,87,21,64,64.8
39,42,42,36,44,39,0,332,19.3,67,64.7
39,42,42,36,44,1,0,319,17.1,77,64.6
39,42,42,36,44,0,0.017,30,15.6,87,64.5
39,42,42,36,44,0,0,352,14.5,93,64.4
39,42,42,36,44,0,0,18,14,96,64.4
39,42,42,36,44,0,0,32,13.6,98,64.4
39,42,42,36,44,0,0.017,51,13.9,99,64.3
39,42,42,36,44,0,0,28,14.3,100,64.3
39,42,42,36,44,0,0,7,14.4,100,64.2
39,42,42,36,44,0,0,355,14.5,99,64.2
39,42,42,36,44,0,0.017,310,14.6,100,64.2
39,42,42,36,44,0,0,329,14.6,98,64.1
39,42,42,36,44,0,0,299,14.6,98,64.1
39,42,42,36,44,2,0.017,293,14.7,100,64.1
39,42,42,36,44,12,0,301,14.6,100,64
39,42,42,36,44,74,0,290,14.9,99,64
39,42,42,36,44,95,0.017,37,15.5,100,64.1
39,42,42,36,44,181,0,85,16.1,100,64.1
39,42,42,36,44,236,0,247,17.2,100,64.1
39,42,42,36,44,68,0.017,56,17.6,97,64.1
39,42,42,36,44,45,0,62,16.9,90,64.1
39,42,42,36,44,36,0.017,266,16.3,95,64.2
39,42,42,36,44,24,0,237,16.1,98,64.2
39,42,42,36,44,14,0.017,244,16,100,64.6
39,42,42,36,44,3,0,202,16,100,64.8
39,42,42,36,44,0,0.017,109,16.1,100,64.8
39,42,42,36,44,0,0,251,16.2,100,64.8
39,42,42,36,44,0,0.017,216,16.3,100,64.7
39,42,42,36,44,0,0.017,258,15.6,100,64.6
39,42,42,36,44,0,0,187,15.4,100,64.5
39,42,42,36,44,0,0.017,229,15.3,100,64.5
39,42,42,36,44,0,0,233,14.9,100,64.4
39,42,42,36,44,0,0.017,211,14.8,100,64.4
39,42,42,36,44,0,0.017,203,15,100,64.4
39,42,42,36,44,0,0,212,15.1,100,64.3
39,42,42,36,44,0,0.017,226,15,100,64.2
39,42,42,36,44,0,0,241,15,100,64.2
39,42,42,36,44,5,0.017,235,14.7,100,64.2
39,42,42,36,44,45,0,241,14.8,100,64.1
39,42,42,36,44,129,0.017,221,15.3,100,64.1
39,42,41,36,44,330,0,236,16.9,100,64.1
39,41,41,36,44,558,0.017,161,18.9,100,64
39,41,41,36,44,697,0.017,113,20.2,90,64
39,41,41,36,44,624,0.017,203,21.7,77,64
39,41,41,36,44,619,0,165,22.4,66,64
39,41,41,36,44,610,0.017,199,23.7,61,63.9
39,41,41,36,44,380,0.017,222,23.8,54,64
39,41,41,36,44,229,0,225,22.9,51,64
39,42,41,36,44,52,0.017,283,19.5,54,63.9
39,42,42,36,44,1,0,19,15.6,71,63.8
39,42,42,36,44,0,0.017,329,13.4,86,63.7
39,42,42,36,44,0,0,15,12.6,92,63.7
39,42,42,36,44,0,0.017,352,10.6,90,63.6
39,42,42,36,44,0,0,350,9.5,94,63.5
39,42,42,35,44,0,0,7,8.6,97,63.5
39,42,42,35,44,0,0.017,326,7.9,98,63.4
40,42,42,35,44,0,0,355,7.4,98,63.4
39,41,41,36,44,523,0,237,14.4,95,63.3
39,41,41,36,44,662,0.017,139,17.2,72,63.3
39,41,41,36,44,746,0.017,152,19.1,56,63.3
39,41,41,36,44,770,0,103,20.8,47,63.2
39,41,41,36,44,724,0.017,113,21.7,39,63.2
39,41,41,36,44,573,0,126,21.7,35,63.1
39,41,41,36,44,445,0.017,119,22,33,63.1
39,41,41,36,44,249,0,190,21.5,32,63.1
39,42,42,36,44,54,0.017,318,17.9,40,63
39,42,42,36,44,0,0,351,13.3,61,62.9
39,42,42,36,44,0,0,23,11,79,62.8
39,42,42,36,44,0,0,6,10.1,88,62.7
39,42,42,36,44,0,0.017,5,9.2,93,62.7
39,42,42,36,44,0,0,20,8.6,96,62.6
39,42,42,36,44,0,0,19,7.9,98,62.6
39,42,42,36,44,0,0,2,7.5,99,62.5
39,42,42,35,44,0,0.017,3,7,100,62.4
39,42,42,35,44,0,0,16,6.6,99,62.4
39,42,42,35,44,0,0.017,17,6.4,100,62.3
39,42,42,35,44,0,0.017,15,6.2,100,62.3
39,42,42,35,44,0,0.017,27,6.4,100,62.2
39,42,42,35,44,6,0.017,19,6.3,100,62.2
39,42,42,35,44,162,0.017,238,7.2,100,62.2
39,42,42,36,44,334,0.017,213,11,100,62.2
39,41,41,36,44,491,0.017,178,15.1,100,62.2
39,41,41,36,44,601,0.034,131,18.7,88,62.2
39,41,41,36,44,705,0.034,110,20.9,64,62
39,41,41,36,44,727,0.034,168,22.3,55,61.9
39,41,41,36,44,680,0.017,138,23,48,61.7
39,41,41,36,44,567,0.034,181,23.8,45,61.7
39,41,41,36,44,405,0.017,114,23.5,44,61.6
39,41,41,36,44,215,0.017,212,23.3,45,61.6
39,42,42,36,44,0,0.017,10,14.7,82,61.3
39,42,42,36,44,0,0,16,13.7,90,61.2
39,42,42,36,44,0,0.017,0,13.2,84,61.1
39,42,42,36,44,0,0.017,46,13.1,96,61
39,42,42,36,44,0,0,69,13.8,98,61
39,42,42,36,44,0,0.017,56,14.3,99,61
39,42,42,36,44,0,0.017,2,14.3,99,60.9
39,42,42,36,44,0,0,18,13,99,60.9
39,42,42,36,44,0,0.017,18,12.2,100,60.8
39,42,42,36,44,0,0,3,11.7,100,60.7
39,42,42,36,44,0,0.017,356,11.4,100,60.6
39,42,42,36,44,5,0,18,11.2,100,60.5
39,42,42,36,44,125,0.017,219,12.4,100,60.4
39,41,41,36,44,307,0,199,15.7,100,60.4
39,41,41,36,44,479,0.017,142,19.4,95,60.3
39,41,41,36,44,616,0.017,135,22.1,76,60.2
39,41,41,36,44,698,0.034,110,23.9,61,60.1
39,41,41,36,44,719,0.017,108,24.9,49,59.8
39,41,41,36,44,674,0.034,118,25.9,40,59.6
39,41,41,36,43,572,0.017,113,26.2,36,59.2
39,41,41,37,43,414,0.017,117,26.1,33,59
39,41,41,36,43,225,0.017,124,25.7,34,58.8
39,41,41,36,43,63,0.017,189,23.4,38,58.6
39,42,42,36,44,0,0.017,317,15.3,86,57.9
39,42,42,36,44,0,0.017,292,16,87,57.7
39,42,42,36,44,0,0,308,16.8,83,57.5
39,42,42,36,44,0,0.017,30,17.6,78,57.4
39,42,42,36,44,0,0.017,61,17.4,74,57.2
39,42,42,36,44,0,0,38,16.8,74,57
39,42,42,36,44,0,0.017,315,16.7,75,56.9
39,42,42,36,44,0,0.017,307,16.9,76,56.7
39,42,42,36,44,0,0,34,16.8,76,56.6
39,42,42,36,44,0,0.017,286,16.7,76,56.4
39,42,42,36,44,5,0,15,16.4,77,56.2
39,41,41,36,44,115,0.017,108,18,79,56.2
39,41,41,36,44,288,0.017,44,20.1,76,56
39,41,41,36,44,435,0.017,75,21.7,68,55.8
39,41,41,36,44,568,0,97,22.8,61,55.7
39,41,41,36,44,663,0.017,73,23.5,55,55.4
39,41,41,36,44,704,0.017,102,24.4,51,55
39,41,41,36,44,665,0.017,97,24.9,47,54.9
39,41,41,36,43,557,0.017,88,24.9,44,54.4
39,41,41,37,44,395,0,95,24.6,43,51.6
39,41,41,36,43,208,0.017,69,23.9,44,48.6
39,41,41,36,44,44,0.017,76,22.3,43,46.6
